address,eth_balance
0x85a0356f8e6a2dbf1bc2b93e1278b2feaeb9f189,0
0xcb714dacf1250bdf994044093fed6740ce4f8e0b,0
0xceff26a431769e9089a175826dd1d7a5ef1dc9b8,0
0xe4915894a1fece7287a43fa571bd3a332d4212cc,0
0x28037db7bf01b86b5bb69ee9c63a25e8ea15d594,0
0xc441a98dac2bd6d1f559e8507846924962653e33,0
0xcafd7993b615fd3d079926f8dcb81fb06a67d874,0
0x290c832c7885431013cd863c18f0f2944e7f6ec5,0
0x909adec4271004e85060b2a5b44019f67b12bd2a,0
0xff01b98572f5a0c693c3b3727474f546588fc11a,0
0xbcc4c157ec3c17dcbbcbb5545ecee732cce4158b,0
0x3f0b64f5589b463447de6b456bb50ab990f4eeb4,0
0x60f1a937e4179a95311175668d45c851cc4e0d6e,0
0xde54607708698af4ab326efe327e4c438c241fd6,0
0x60345794a10348ef09551a2abe637ffba1d25f84,0
0x6583bb0beff86ac9992daa416684c623823ca5bd,0
0x51df2b779ba39b0396f8ee5aaa136cb7467ea7e2,0
0x46c1cbb5beccc4edcbbc7509b5f0cdeeb920c9b7,0
0xa3f1181202aecfe0b6fcffca89c9038e797a74e3,0
0x47d65987568e2a3a22c188c32d5234bb55435c57,0
0xb50b4ac91c6db971ee5867b2ad70802336e9ead4,0
0x1153dd0f662e9677e8996708942fd23790e8b255,0
0xc9e7c71cedc0e39c376ec00773831835d04f4dfb,0
0xe170ad1149afbc26e5b3069709849bcb2ecc8759,0
0xa6210cf0cdf13776bd159f9de636384db3091f5b,0
0x3ac49d626e15d962229e0b3e3a3f1a7f9c0f28bf,0
0x0f0985bb3bad645cc979c9136be9fe6e154fdf2e,0
0x6be80952c27abaad35dd9ad669d082219fd2e658,0
0x85f6552ef9ecc567465cf7e4e63d7926410b97a7,0
0x2daeb732c906763a56d7da6ba2ddbb833559f5bc,0
0x53ba9825d325a20fe9bae2ae7dd8c329fb59f960,0
0x37b648cb9a3df51155dfbb099e078c91d49f9f29,0
0xec07ce6a34eb8fc6758a6ff4f6e9ed03eb5bf96f,0
0xf40c894c2f8f1c737f617b64e47bef2df5f5e597,0
0xbfb72cb9c1d5f09776b7181b37957a040ea293d9,0
0xa7be6aab180f9ed6f627824bf069224134a2bba6,0
0x4aaba5b0a8aa17d7151cf5e64f3dc7f5a0b404f7,0
0x0870cb859fe4bb53a007b6b02d4a8e65ded49c38,0
0xd866ee3c976fbab7b63d740000543d2e53f80707,0
0x000000000000000000000000000000000010f21f,0
0x56890216ade912f8ed0279ee6247d63c66340c80,0
0x67a32b891be9408a3ed52dca06c0b76f975e13ea,0
0x49dfb58adb2aecd36dc6654f3471cb0de00ba232,0
0xf28024626ba9dd59a7692920690f2573e122a15b,0
0x40e9f2ef89be867c6c57815f16e20c1c315b572c,0
0xbcefa55879880e391f4cfaf72ad3f9af81d9a6e4,0
0xf935b8376dc1c30af3b3da2d33ec9cf09930e7df,0
0x23b15e11ef67c7143aff9df1e4da682a44a7a815,0
0x21671ea5b00a3d2150f3b0265a29114b92792290,0
0x333f34140e951c81089ac672b9d11528f0b34439,0
0x89b334f8cdaae2ed529aeed83fdce998544635af,0
0x0bca0fdc925b3491af1a8f0c85602568ced160aa,0
0x9e620b91316dd6031797d75c7a3e714c44d1f492,0
0x6a04cf8ce9e1e0941702cdef3056744b95701d08,0
0x83a483f23de1a4fec9cd4f43858c867032a468b7,0
0x826ac996fade991f98ab46d88ae50613c7eb5227,0
0x604082b8db021a1286121f4e2b4ff5f73021852f,0
0x4e8b82fca0f95f94e107df4baebe3235a7713b20,0
0x4e8629e09952be3732973c0e185f10c6983be678,0
0x7d715fa857bcaf5e49280d9a47653d0ff5ac525a,0
0x075b62d5291b12a463a1da3afdf55c8e231d41f0,0
0x4f313cadfd009073ba287211838f04c0979fb758,0
0x0f66b91446134253fcd3471cb5a98cca1d5e16ec,0
0x0a54fa9a2dce4fcf27f301e0b693e95d9c171ff2,0
0xb369092239a132dc7bedf7326766c4c5b35719b5,0
0xb01359ea38d86e3e7c7985d579004c02e5c63d2e,0
0xe7f22a2e26fb9bad5b0f9f313b601a860d54aebf,0
0xb34014a46cf8da7c5499eb2a1f2dea0d2df9755e,0
0x3e698d7da8f2c1e16eb5caab5b3ddb2e5c0c508d,0
0xcb36e9b262e0771779ddd6bb53e6426d4b31f39d,0
0x0000000000000000000000000000000000098a40,0
0xd3f57ba5492a686264851bbf86dd26dde03ea975,0
0x89684b59a6e3df0086ecc573efbe853234acdc67,0
0x34d4b32f7d34a1bc640721f4bb73323a03f97118,0
0x0b9f0dc317e14e3ac22fcb18c900d9017a8af2a0,0
0x4d95da2cf162925b851edf9c420aa99674341fdb,0
0x5dc1de84ef80dc21d8bcc8f643b03330ab2a7c92,0
0xd17de41b293cffe3306bde64217dd014f315d2c3,0
0x63e6f6e5d4aa38448520eb5973209b5d06bd6b77,0
0x8d17d7c1428bb6cc71bc8bdb4c0bb34d9e9c88dc,0
0x8509c9c1181c6b0cb092c65517452941bee8212d,0
0xfcda7590be0837c52fdb91fa54e72050b2bd8e42,0
0xb7029fd5618a7aa88916e8da26293b26bb53ad73,0
0xba1dbeb855f5d089b379bceff1c8809128a8feaa,0
0xf388a21d71890483d77d013b78d249f42d111512,0
0x0c3a640a8783c458882407d427d374fb3b6e7829,0
0x61933797016419de2eccfd99e565cf970e16b95c,0
0xe49e97afd4c610dc72868a8abcd4041eb50fe170,0
0x468fce274d383bc73ddfd29c2d1e727d1fdbff8a,0
0xab721ee1956d0387d7caacd6c2bdf148ac6dc464,0
0xeb6422adbbbc1a009504139ec157a863cfb2deb5,0
0x99d6d7b2b94c27ccc322be646998eb9cb5ab5612,0
0x6e1c56d8bf2c4fe42d11e45559a98330a2a57695,0
0xe34873596176cc58c30b654531c322367f718134,0
0x9715ae52cda646da2083d964fd9ac1a4cf135b24,0
0x5b8d634c0cb6ab2b2f773e1060d90275ef9af65b,0
0x62901120e68c8eabad1f75be00523f9b8f5f9361,0
0x1bddd78f4944b28da9bc29af9c72988a55757baa,0
0x4c14de1d49efc0f33b2e42dfd7aa5d3815750a1d,0
0x11fad38912a98494f55d41f33147104248d744cf,0
0x64a56f5388540fd7f9827c866fef14ae3bbabd92,0
0x56d13b528b64c319aa540156dff58cb90e9183b9,0
0x7e0ff0c433451e2db463904e3ec24ccad99ee905,0
0x163218fc6880d633bf6fc8fb3b9988c9c1dccf97,0
0x3b98d59e6b96b59e04116b5107bff5857e3fa4d2,0
0x2e515b1586da2699aa35431f673b0bfd2d6da162,0
0x578a760fe92c77e02fca18bd5b8ba457d6f82d6f,0
0xba74d3d05d69c2bfb9481242ed75b6e5b7757915,0
0xf1f51acdfb4a84b6a11f2ae836ada260c3505251,0
0x5bbe66dfb1064168a62a24acf0158876bf945603,0
0x071b89d9d7b1eada7cfcc017849749d4af36cc05,0
0x4dfd5b875e272340748267adebffbd59e7e82328,0
0x38617217a5b4412ffb106d1cc411d6c5ccfc3bad,0
0xaf780ed9f61d9d0874fb5e3953a2943f31ffdee9,0
0xba12073d613d0d298f2e646d27d394c1b1bc1eb0,0
0x7eb7176aaf713a72ab9feefea146537f0b702ca5,0
0x526cee0de8ac7e0751375d86ac26df2ad8091948,0
0x4ac46b3f494a87e1fcb22cd3cacc23ce9a095c2d,0
0xf727a1a24f925e105ed0de5d54144dd17a0eea91,0
0x00000000000000000000000000000000000a50bb,0
0x005d421b9f149f91856cce771d2f921367909d65,0
0x0000000000000000000000000000000000060007,0
0x3b6163ec7c0f53c6f99d58bb88587b6b76388378,0
0x205bd678f48618f0140cb35d4430849866b290eb,0
0x7d49b6fd2dcf0d57400fb3c3dbd13672c8e7fc48,0
0x1b6ffb55b932620b753e540d5cccbaaa096355ea,0
0xf1ac77537a07709798094e4f434dd1f6c91e9dea,0
0xa19609873b2c186b7338b4d4fc1d9dfc23fabaa0,0
0x2fe50cd1d5eb846818fee4acaa0880625151af8d,0
0x144b2b95e6fd16646b0da392e36bf9c950fbe9ea,0
0xa7b0f2f0f948f8c3357b647d117f25d16fcbf73d,0
0x34ef5a5e67be08a6f741ff9037f54acfeac89e86,0
0x5a3b434de51f27c53cb6145eda93bd21e1cdf5dc,0
0x43acbb9b1e094eb5bc11763e8a2b1354dcddb263,0
0x5be111ab1605f46a69bf6cf7d64ce9e5d84e71e6,0
0x8614e57ed5150d5e292679db4ce025ee196ed0d5,0
0x88c4d0751e6e1af981edf9802823fb021db3837b,0
0xb491656f411200ffe65bd1408ee3d94c1911c418,0
0xce503dc93be5a5f92c6dd3a685e3e38d7bbbb946,0
0x3df2051c0a4e8d28e020e2778c41437c8c89f8be,0
0x079afc255095ce0fe630958b04b6b524d7d9c6df,0
0x53650eda3c218d783d44f1406bee05c738281a7e,0
0x9f990d53e54a279398b34f661b583eb4034023ea,0
0x062f20601004cd4a189d625aa94941b2d2d66395,0
0x9f6cc53423e2c32da4442f4384f7033cb51d8b03,0
0x53bd9068dda531dbd376e8d7a32d706ed29a14c1,0
0xb195d7c5410d632c6fef21ec14befaf121fc29ca,0
0x81926e2842e1c6667327226aaaae9faca61b28e1,0
0xcf3c7efd7fcafe2b500277240be90f03bf79075e,0
0xdbb46d7a8233d3e38c27927705dd0a57c4391939,0
0x40505a5bad6574b14f13ab61ba16ee0c35cf1c4c,0
0x4952dbda282a93a066467bffe502f7510c14df48,0
0x1c80c64949c725e981345b779d8b5447ce4ecbef,0
0xc674f7597695c7d4000b43e9674849bcff212833,0
0x7242333adb3f704a485f77c7a930a8698fc57c40,0
0x48fce2c10f4faf7ef7146e8f7fcb7cb61fa548e8,0
0x00000000000000000000000000000000000aab1b,0
0xb9f563cd27ec8a74087a3335b24b79267f84532d,0
0x22d462d910e1a218e7f5b921dcead4a80947319f,0
0x67ce394ef602bb72e0b1c28029e25794ea76705d,0
0x1dda088a52dd01124bf531cc451159a1a077a4a6,0
0xf4ecef3fe5ec0794211ae300c4f7c3c49c35d4f3,0
0x2adf5d700088d5e40a7dc3ad5504f11e5bec538a,0
0x242683f4f6d78b0ddf0206402bd0cf7361907fa8,0
0x9b6359d38150fbab62fcd77026b9e51a0df828ef,0
0x6ac7bb43350838b8d9bbfc55c9d9127a2802c7d4,0
0xc024d7dab3806f9e9102788922b20f71319768cf,0
0x1564c882ae0596e225e5dcabcc52ae35be0880c6,0
0x982ec0680aa9cf9b59ee16c2d439b061dc635b96,0
0xb9523ec5f382a454c745bef9e2a69b6aabf89cf6,0
0x19a04a38b57b482580806b1047278035c986e2c8,0
0x855def2b5fbbb6edeace092f114ffc7766157986,0
0xabbd15e0a3092680d1af24c2bb198ad913286b5d,0
0xf027fe2b93b9695ec3862534c2547b9199d99c17,0
0xb810c065b8c0b922a36276da6559527351c18fc6,0
0xd3dfc24587653aea45ea98c779a13234962661be,0
0xc0c1767707a94a054deff2ea57a42c58604893df,0
0x02dc42720b5243c007fc3f4e4bdf9ffa77728896,0
0x9228ab833d24efefc7d9aabfd16f5874f8501f88,0
0x3eac8195c5648ecedc453f7ee393ccef0e6b609c,0
0xe3d7a52e13bc058964675237bc4a302762e90b9d,0
0x71df56894d232a7db23f4c27f1d99c521299dbb9,0
0x327edcc40ce08aaba24f6fb1e6214ffb8fab99b1,0
0xf7d6e2f26b5336361d76471d2a6a1d3d0d7fae15,0
0xef6d3533ecf053eb4050b84e8c390710cace54d0,0
0x6439fb3f76c6a629958f90d8cb5e75b99689ba0a,0
0xa308d21508fab561a0d4770d5ee2da5478497ef6,0
0x9db02e4e38f62c7f521972bd93178d6341f39190,0
0xd6bca2f2f8ad839d41bed50b97bec22e14dd2bc9,0
0x381b3684d16f2711a6dd18af0488408d3c0556f1,0
0xeb0840517f6be043edc1ed91695b4989bacf1185,0
0x759fc7b22945640e7bbcb00984fabddb9cea0188,0
0x2d47a56404b0c73a432fbda646b042a909540b15,0
0xfcd4d718d9b82f4ed76a8fed91edc1e5859544fa,0
0x7243d514ed271c316139582f725b8378bd74eb24,0
0x28af1e6f8a54e6b05ba61d7af0b6e00bab587b2a,0
0x6531ff628095d53130fd812e8d859d5fe82556f1,0
0x2023b2b9ff88ae4803a8e5b5dca86590fa77ee57,0
0x4519cd8b9247373b46157ea40481ee94afd07ff8,0
0x650c64caef3881326e97118ba535411ada5b35ae,0
0x0039cbbe55020ec703f37e95498a70b021588049,0
0x34f3a330a6e0f91606b129b88f6916ed3ac9c02b,0
0xc1f8ef19291fe6959ef3ed2d201c24ae8f014c43,0
0x989fa1483b08636da89118ff82287032f85206c7,0
0x5402a04ceaf62cada1daab68bbad000bc24a83b9,0
0x2c1d39fee5d5697626c6010fbc191050c15cadf0,0
0xd7ce8772b1c103a957cbaf79f20867e71c409ddb,0
0x9f57a826e39535b3cf49df01c4b04712573edd1f,0
0x1b70893035c1b84792293c25fd2e50edd4fe13f8,0
0xce4a618ff0353da99004b3e9f000fa21f762d23b,0
0x92e2ccf65d482f009d90ce011ef07fb3cd28112e,0
0xc19e94beed30f4417205d389547d61b773798a41,0
0x0ae568d85af4a1b0b87b2200ad5bfc6dbe591101,0
0xbe795f8382a26950d9a5ed0d5c7f9ad1b802f072,0
0xf78a8255dc8857cc570a60226e942f50c5ba4bd1,0
0x830aef0d340b58127f230b345e20afb4cb140082,0
0xd3587a72aa715a51a9d79a5c68fccee8bd34fad6,0
0x979356a33cb3685505361318ff838fb5fb2f7c84,0
0xbd6649af6241e2f7cabe676e50657e6c46fb095f,0
0xbc587392e2e3380e0070ec4bfdc81081fa15b6d3,0
0x6b26619a11e16577509fc19e611b16f14c8d12bf,0
0xb68695cc81dc26210a66a6f273a3e57c063fadea,0
0xe8dafbda94b175ff4bbc4c4a4628065783a08b55,0
0x059505c254df2fe9e5d92f2ad05beb7707bc6512,0
0x506e52f4b7e9fe2bab6b255d0475b297f9b35802,0
0x862d49364da984b4ec7bb02b6edc3fd54a5716f8,0
0x13f6f5fc4f8561330afad16863a4c81cc278fccb,0
0x5863e8ce2fcdcf7687b094845c07076acdb1d300,0
0x93bdc940678f66471f8e4bae0c9021c4baf04047,0
0x4c3fdc34542db2a82bd2a3a7403c40a4774eb6de,0
0x1e516c05af1a2bcde78e1dfcff9efbea5fc2b886,0
0xb98a9f4a78e0419944b80380ce0c5ffae0ecf291,0
0xcf7b45e4d4a02a6183fd21f864ec2fb7192c5acd,0
0xd4707836b8d4ccdda362ab793429e15121690678,0
0x34342045fe40077ca2b288a6b4420d43174c815e,0
0x446cbe5052ffe1182c9507425d3f2bcef0f57314,0
0xe7cb17d728bd18f6fabae21bdba7284ae041b3fe,0
0x596e45e1583a85d4e76f83005a52089806eccacb,0
0xcadb452c7f38b06dd0794b737800f156b4c5c9ce,0
0xec5d2e13eb5b83fc9acf70d841ad239a422e1d06,0
0xf4a38a6bbffa90609d11d61b57edcb7596e3c872,0
0xccc6243e194148e35736b911be8b93b0986e6f07,0
0xbd30d293b65b0a8908eb14e054513289b8ac09ad,0
0x42bd3c3d1f7f9b428149791ff79e3f9ce7d378d2,0
0x421fecfdb27ede9fe0b11bf0ba76d1d91b9ed662,0
0xf0e99ff7a80d0d314858f86c340199fd8c5ff49a,0
0x42408406386a256a9f5f17b3d153f32699bb65b2,0
0xddcccd961e3afeb1af574e9c3ffb48edfcbbeae7,0
0xcbf6e06c30c680c6ca5246a343e3dc63afb9b7bf,0
0xb771f516897930baac3d11ddd1fe19a9940863be,0
0x8522d581c5041acd4bca122855a7db6b8e6ed357,0
0xb9fa7e44996bfbefe957788983d4ef580df49338,0
0x4a301c5dac8dbee1192c8a82d6d7c9cf02ef213c,0
0x1dc9f72ad6f5d8d003c00cda6f3e9ead87fd5d8f,0
0x7207bd0b80f8ffc0f03c7645824d1f8a1a2f7d31,0
0xb1b853a1aac513f2ab91133ca8ae5d78c24cb828,0
0x42c4a510e33a21d249060e5da1b8774285fb507e,0
0x8b0ebd1daf19b521f7590b42c9f3d5bf93e20c96,0
0x51e7e00ffac5b58ac302533593d9eae593901add,0
0x6b2c12e6e26f3756ba06e83230ee774af9058775,0
0x59604994069bdd509ecae65f914fd635bb44b0e6,0
0x9308f070757559f7cfbf8dabe7980968efd39f50,0
0xffb6271584cc05c6ae7f6fd6c25e07e92fff8da7,0
0xac0d5cad1e6004103ee8b967348eb0f6cf8b4a39,0
0xb45d1f93ce7b629a7608898da7ae7161f132aa4c,0
0xdb86328cbb4d376521dae843ced5a1accc7f236c,0
0x5100780053ab85efdaf1d177ab5d57ddda291d57,0
0xf0ea9a8ee0168681a02352daeb012b4d115a6b30,0
0x9717bdaeae5cc940d83a21e937f1c4202006bd82,0
0x86cc5392def7039d5d37951f6e005711a37afdcd,0
0x7a0a540ff7deaf12d86c472a7529d73a63a5f446,0
0x00000000000000000000000000000000001c804d,0
0xeedb383bea6b933c210a98989599196fedb1da97,0
0x3989ba3f9bc38f9cc5d58650e052831e3d38c0ef,0
0xcf9bc24e7c16fdbfa41e3a6a25f5a5bc945bb0ee,0
0x062a9c179d67ae6fa2bff4f0cfe28518169a7226,0
0xf341cb9c9a0fe75ccdbe5f6c7d3cea3e989fff47,0
0x8e6a3f03e96830926c7b9469fb14cdc1d2abb45e,0
0xbc395cb500fd10b94eafb71f48a6c418dd39106b,0
0xb9fa88b3b528ca00e3ade9fe0d065866f205810c,0
0xe7e3bfff834958472ca299954f4c7393e36465ba,0
0x29e22cd82d7877542e5ba66cde9ce3785c19ecae,0
0xc2aea863745f4d2c2168a1d5ca655b552c3f3881,0
0x18b2b8c0114b4c68eb8e27181b896a839934c96f,0
0xef53fffaedce97cac66d582922c64c47a33d7923,0
0xd73821520f431cc8a43b868d892489b65bd94492,0
0xbba40a151bec2e90eca39d6b2a5e554d446010ad,0
0x7dd0820c61963979922a94513270a2cf32ad0b3a,0
0xf422f108e144ca0133eb394c55338b8f512728e8,0
0x8073ba63ac86ac268eedec3903097dd48c2be6b8,0
0xb097e08979b1e76212f5691736527d8985379bb7,0
0x681284423b068526978c32acdbd27bd008feefaf,0
0x516dc36750eca6d42b16e083d6eab9951fd06f6b,0
0x86edb7e9767d98a47732bfcf13624eb16b0f590d,0
0x3d37119190b6c766ed4a68a371a3682ad2176a61,0
0x82cedd94e28cb4bd16ac79a3c517579b7f14aef8,0
0xf66ce795c9bdb2672a7909d7c6a91e4611435314,0
0xddd51ad71d220140d0fb227879bcf79470913012,0
0xcdeab92a88c90d332ade912d678fc74e0ffcf630,0
0x7747489325886ba2ea31ddf1c74d4d3d9963728c,0
0x59e895e637c452d8f2cdc83b947c724c06da1916,0
0x1339ee68b6e1e68260070f6055b66d3d9d9a7f60,0
0x95f57b1c1c28879e750a93cf57cb1d300a5f7cad,0
0x93eee9979506933ef458f9c8ea914ea7be66fbff,0
0x1926945a2a1b8120ad89ab642471b8df8ad1fa41,0
0xbdc0f4d06ce8cc1ec3401b8fd2584d37490110fc,0
0x1a5a2ad2eadaf02c70c38bd0ed4d0a80792799b6,0
0x8564fcf782fc99df554c473a3e42422911c9b23b,0
0xf010ca3d4e0f8c33fed668e4bc33e4e30b709a07,0
0xfba008d4b8d8f9a65d0efe76e1b48df6c39cd274,0
0x69f9f89b1344f0e60e0d12951cd9e89ecd542941,0
0x6a493edf6a7c1d1927c7668343b18893850e7fac,0
0x97fc576674652d4af04cca05977cd356ca99f7f1,0
0x534c14e162b769c1c2f60ea4f17d0164fb84679c,0
0xe131113abd0b741386c617cd8bd9529d5b534a92,0
0x428088a43d6fc7fec3d2a49b35e0f319452a98b5,0
0x33bac212f268e5131befe64cbd8919cb023928c3,0
0xdcd33b3c38293579a50cd4922249bcc2c7d7009b,0
0x5ac40d5979dd9e31f0a2b2ebe29893b601f48d38,0
0x23ab5b15eb06a1a1399b89076d12422029deaa34,0
0x226b0761dbd1240510b721efc5888f81b1cc790e,0
0x8e9117c9a83b12c1d54123454e142526a7fe9e09,0
0x53f9c4c4d6d4752bfce9709be5394e50f5f0037c,0
0xb33843a2c0baa05bef11a2008b30c24dfc6bb627,0
0x8a7d2150ea49be9c676b951bf91d1b3fb9a0e6ba,0
0xbcb8f0da23bf3969b3480ffaf607518166c99e18,0
0x31bd30df4ffd5b6c956fc1113fc030b929c409ed,0
0xfe545b5d8be053ee2d7337b425152de31083120d,0
0x52deedb166f9a320d801a387bfa4469f3cf95c52,0
0xaf5df8f24bcd029a07ee7e498636058953c1806e,0
0x3d319b155f4befe1a729bcf954f6172d95eab0e4,0
0x832466d6a4e1a2f0fcf5b5bc19089634f0ab302e,0
0xd16c86c95ecf44f889475148f8a47ced892ac967,0
0xbd610e0182493876d352b9517018a87bda126a59,0
0x66c772c18e7a84cc55046e88a52b2fc8afedbd9e,0
0x5789491a176cb5b9166ea2907f39b9c61fbaf23e,0
0xeb36648cd47a23c191dd9fceb5efe88cd9b57473,0
0xd344d7190042d5b4ce84a57f4057d28d0b610fa4,0
0x0000000000000000000000000000000000185c69,0
0x28ed83718b9b832194cb25bb4e567d550478bc36,0
0xdb0c99ca3c7c198cee161bf8fbd37ee0aee7cc43,0
0x4a2c6bdff0a5aba6f6d67e08b42e0c50fd6a6821,0
0x560adf13249d99abd4a3f6b607341b6bfe4c3870,0
0xa1a3dc0446f1c6b01e0409c4c13af4ec7f624e1f,0
0x71dd162b7e46ed7af43525785fe3e7b4909f45fc,0
0x339796d3d1898941137b35742242cfeafd0d600a,0
0xf06397f6830c1d8c60213ee8bf948b911e21c63e,0
0x35a14a3f25d543a5b5c013559b533d4b2ac6498a,0
0x138498e3b4f4c2e20f5dc88ad6a775a72d249fa2,0
0x7b43fea8975fb23c448a6f017cc1b0387e3cbc3e,0
0x255e3c9b74f3fb84de8ae9b7f4e39c43dbd09f38,0
0xa96b5bdb4f3d0c2ed00aa77ba72b16b5afce493f,0
0x9da78d6043cba0d20742dc835caca342f5d838a3,0
0xbffbb9f36fcd0961d007517398c392e6c32bbf36,0
0xd0f334883d1fdd1b9c9f8a27cd219b88c70bf7d1,0
0xffaaa8360457b2802ca9fde36abb321b56633596,0
0xcf622593db01d8f71366954fbf802fc588e2eff0,0
0x5f5521284641f460b47efd39f1dc02758324b66d,0
0xaa810a7bf70fc26018f58514d9d54ab87b90ba1d,0
0x8133952370f71738a9b6613bb42f3db96acc47e5,0
0xbe6ce755297a1b661053c1ba3792dbe54dd5db2b,0
0xdc551a42158efc86c586e6957a0e543f7963b5c2,0
0x1f43585f7ec9f026cda4db94f9c163ce1ed0a82c,0
0xd968f94e8ba7135080265c29fda39be9fcac2985,0
0x31c6c2549c378f6a75f3e08b6f32c98c35bddc8e,0
0xf51afc7ababf490c0d7d3399b098faa25d6068ea,0
0xb68d810759e2bc0683b9a211ce28459948387ff5,0
0x3e50a4014be5bf0da22854f4c73abdc29b55d1b7,0
0xda516a97b53c86e40371c4ec4efc6228bd51db73,0
0xbaa19dc406db0f8588e24b82f5c28c1c36528976,0
0xd9085a2c196aeca8625ea1f56b096aae4c92d3eb,0
0x82cdd08dfb159fcd35c06fa5362331ae0ebdf704,0
0xcb62e7866f44efe5c550fb2945c821f5c0a9af38,0
0xf24992905ce9d0efcd73d64cc356d68bddd6bb84,0
0x8114b5b19790246bfb1feb46e91c291cb68491b9,0
0xb2c8ae2102377d4b8d7f247ecbbca0f1a19e6a11,0
0x28e86792426ae718fb7c539455cb1efe66365147,0
0x01cb9cde958b96561bd8074c8f026f0540a4a956,0
0xf6d9190472e9db73fb38537e04b36a8027da4440,0
0xeda17b36770afde6d37b5bae4037ee196831f9a9,0
0x000000000000000000000000000000000024d504,0
0xa361b28fb6bea9ae1cb3244480151852651a4337,0
0x4a32a22c41906089812362dcec54f8f4dd211aa9,0
0x328b56d85a55820c3ed8eeb10bcb8c782dbd3189,0
0x168b8bea228892cf6761da0edfe3906f51ddb315,0
0x061b8dde631adee97128faeec39e382b06991b98,0
0xe8e481e8d30f7add57038cb2c515904be17af1f5,0
0xac8e06296b0d50c930d434c77f00a40050b6e6b3,0
0x04f39feeb454bd37179d0921f533b21a00b937b3,0
0xa524653349148da42767958335e2cfae8e331266,0
0xf21263951c2c98b0e5187da2a48812edf11e76df,0
0x2de3316fc877a119860d0adc126073ddd8984292,0
0x4bd3b3b9d29d4638894775d6e21e258d4fc8ba85,0
0x9bbd90bd485a18bed0a892f2b02d59ab79eb5061,0
0xc9d23464c9ec596516077626d8ae6d54e6432836,0
0x7bd5de8da186e35edd6af065b8a741fe364160e4,0
0xfbc0ff160447a371c32ce6c4dce1602d0a3f2814,0
0x15b65553826ab9f034673d4229bef83f628d19b3,0
0x4c825784d678ea11c5354dd556a2fe1e76a24da9,0
0x1baea51fba5058c58e90d5c7f8ed41a53e23a321,0
0x841e419a5c3da7a48b925c10119ce4348727aedc,0
0xcd2d77d6f90009b687e837d44d0da14b883c2ff8,0
0x45b6eddb35b7b0c256cd12e97404b77d8e400867,0
0x6641f61eded9b23d15261da4dbac9caf09bd5ec1,0
0x2296123b4f25c7f87436282504a7e7210c91a986,0
0xb805dfb93b0e52d46d8e41ceb2403fb1466aabd1,0
0x393ef61b56225b2d227a0e4d1a5a2a66f3526ea7,0
0x78cb01228d32cbf71a734bd26e68076241c99471,0
0x66e07e8567ea970f6b9821c798004850e6d5fc29,0
0xea7171183ed42895d6977a4990758023a5f984fe,0
0x2075bfcca46e9080a9b3cec10865df13ffe29099,0
0x13b1b0e5ccbc514343a08b570bb5cdeb87955932,0
0xb6373ab8e5306c77a11237b752b70764a232e982,0
0xf494a9d6d9818d8df60cc9995349af56a4608eb2,0
0x81fa40c2f07e02cd6f90a80ddf42822cd91f8140,0
0xf8a135e00f076242b089f2fde6e122d44483eb1e,0
0xfdbc0cc6fded932f5f53be7b5090b3084dabee24,0
0xa1482645c398876f59a5c4bf28d4897d9f983b3d,0
0x00000000000000000000000000000000002e19ca,0
0xd9650a690230cbd21515faf2e7939923fe943080,0
0x9b494b877596f0da3b303a71a93e7c42c423d6e4,0
0xc3802e3027140d9d572cd7cf78e9850cc0ae67d9,0
0x8bf892023b18b029b398fb663a31a2b629a16a2d,0
0x78925ba0afee8f51a23506e1d3fe31a5af3b8d68,0
0x067aae0dadc25872d9a4012cdf853ae6ea6e7d6b,0
0xaea25498ee4ebae483bc0f06a42e33adaca4aef8,0
0x08d9949171789e575dd65702c7312b489288dae0,0
0x8a4317e9a59ce5123590ae5cb4b02b15fcb2efdb,0
0xf430a5e6218ce76b82e40ad28034968917fc27fa,0
0xea1d5bc3501a1eab692886c384e81f967b7116c9,0
0xee79a8391ee6443995c3ade9d07db191902e9c87,0
0xb04c9a3f11122ad98ceea8a313bbf526890c7586,0
0xf80ca9a78d06b7332c516d88be1f1c2a3e344baa,0
0x82db9057e78b066ef21e6aa6833b33fe9a05104e,0
0xd84ddfe14c02ff06f94e5856b25c56aeaf83d380,0
0x5330f1d4be8e7a1166a88f871b3833fef4a68a93,0
0x7a8860f926ac1326b8c88b70d1af63daea4cff5c,0
0xad56b455f17c6e9125a914d94f5b60afee7dfdd9,0
0xf6bbe5924e89d0da8680ee3d5db71c66c1c90d57,0
0xc729d52e7eb85c55395400710638aa8ddbc3486a,0
0xcec13d1786e76504dd3bdf4b17c07e0f41110774,0
0xfaf1ae846dde719a0094386a28f71ad021ce3dd4,0
0x75b4d03254a5f4a0b1f855214fb809031cf78099,0
0x3e9f401792d0fd6fff4892d08d28c7a4efa32a88,0
0x2590f55237b4836fdb9515e72cd2107a4233babb,0
0x828bf02281af4e9cea370dc91571d8a8bc6d36f6,0
0xd35029c507c6383fcd872a81e79a193379a03567,0
0xe825386cf2ce5a380f0b13dffbad37b7056d135a,0
0x034b360aac32b21b3e32bb3d12c0d66363d52486,0
0x1d30b8d7b71595cd87b3cb29bdb3522606513039,0
0x222ca83d140681dd23ae8547f4bd04a9abbe7c0b,0
0xa47a5e77884c599b4053f52db7c4df0db23718de,0
0x72bafc0ceeb3951749faec975d994a523cc4000f,0
0xc7dc71c60b8cea41f3f419ccf3229e319704b6a6,0
0xc4e32e7540e64d813c5aa4d31e6100642543d196,0
0x607d65f790dfbb29a86143ba7fc7e11f4c4d8f45,0
0xc227a5b1c77c4e6d05e6b69184e9716b73926c99,0
0x0c395d7bf29ad89a75c875f2bab349313971fff0,0
0xdff31f391c6c1a7539f8b3ad1adf17a655403e41,0
0xffdc2073395b68ce342efa11e0e4caa20ae03eb5,0
0x27272803ac254d7688c92c0815bac22a480ed818,0
0x000000000000000000000000000000000003cdd7,0
0x2aeae26fab55a9283f496e3a6057103d0ea36cd6,0
0x0dc8139d667e8b8d2e75d2f311564755ec5faff6,0
0x5a678f64c0e80f95377ed1ee014731005e9eadfb,0
0xc873a7db90dc15a17942863d9fdbb16fe67a94f7,0
0x90278638e648e29c654e7f6d3d6ce85b532e24ce,0
0xe4b787cd79f6df99648f86d9db94da4231857b67,0
0x00359f8a7d2b993a11270994df61c1bd9f90668a,0
0x3bd55d4c29fbe8a86f4752a2fe4d009257a98b37,0
0xa232d26b124b71aaf4268460bff48c4d77b64021,0
0xde5c8a66e1824308921e12606d56df655582966e,0
0xd21cefbe0a3ed764a48595046f1259b655b96513,0
0x29441a0f1badba0fd7e6381d9fadf8b727128836,0
0xe0694c182689d9b146ed233178a735578a8c1af0,0
0x61cbb323004d90acf913da4fc8bceb86fee18072,0
0x8abb9757275d6e9cc9a1573c02400820fc3ff5f6,0
0xa546647c836cad66ad016400209f21ac544805c2,0
0x266d79789ce5bdc81c1f6dfb623883fd6ec5a758,0
0xdf3e2b1966bbc1f9bbf317661e2e98876367d9c1,0
0x98b7a9c116d63290f75772a8338d7e0dc874a3e5,0
0xaacf16f1dd1d5e307835ca92a17c2e55878c1afa,0
0x7fa785751c8c694658af8c4417ce397fb6ada596,0
0x81559ff1fc5aae6f1515852373825af0a8454825,0
0x62c55d6d4326f4dca87181120b2837fbacde3863,0
0x908bf51278aa96fa93f39de8389274e20b192e44,0
0x7cb75805746af8f6af862194c9a8b3d3a3dab7c3,0
0x22f9bcfb9a1d2ebb095f3c6e6898d241a756de92,0
0x0b5dcd4b1dfe4a8743f67ff2e78fee1c09c31445,0
0x51e3e3c657423de3fd5952e45989e11e3baa4598,0
0xb57d32cca214f88c3c11ed843fabe4429cb5a16d,0
0x3c2a28740a6ea72f0ad626b04427d1d0a0054e1d,0
0xe811022f81f504a7bf9652d1316a2e5d68a9d286,0
0xaff24a56ef1b37a9dc95263d9d1c220d4c109985,0
0x6f871e634119679bdb6ce03af884de5a1dc7d7e3,0
0x4ae4003dd66b1e23901bd8384f640ea77ea3a4d0,0
0x5415d871d4bb934cddf5b8b233c8aaccdb3d6dbb,0
0x1d619a4cf574ea873b725d0731a11b80ca979bd2,0
0xad94d41c2adc7b7c5752b91b278bcaf986cd6a2f,0
0x76cd39b42850f49a4ab524f46f44d3a0829a8c3c,0