address,symbol,name,decimals,total_supply,block_timestamp,block_number,block_hash
0xdbfde58017c787803e27af56c422fef6d2dd3541,,,,,10/2/2019 10:33:42,8662327,0x2911dfb899ccc06591687b9369d02dbaa4d92323011d576e6aedf8edcceef95b
0x4a0c567eb959b757620c9bbc7f4f774bfe895b45,,,,,11/17/2019 9:14:45,8949620,0x72ff7333d18adefea9f6821da3c3716cce21af9c1726bfc4a637fb3f99f8f3dc
0x3f1c1bfce3dc639a6bdf0e60210a94c1d97da231,,,,,10/30/2019 8:13:58,8839196,0x42e437bc9c2b4063d8e83277d08716791594914f7130706239b0322978f26060
0xad1a895e5fb972f07f67526e7247542666a661a2,,,,,1/26/2019 8:32:05,7128229,0x85aaf883fb4d32d36c6b6ff9505233b9269cabb868b2034058043904681015cb
0x94e69223af857bcdba14683863a8e4c8c7f79669,,,,,11/6/2019 3:53:12,8881608,0xb4d976e6351784a69494e19a4191517ccd925240755ecce582c828861aa5122d
0xd5f446308ed18ee77fdaecdce81b9189a5a674a8,,,,,10/31/2019 4:33:57,8844386,0xf611b93e282e1ce72cd22614b7e32bafa401234b7033681163a3a32a62cb6593
0xce587a1bd276bb11e2265b95ebe628a50481541b,,,,,11/10/2019 11:52:48,8908274,0x88229365fde7ebe512a9d0f3f0e7554acc35d88bda09e6bce058df332be3b640
0xfde61ab440ecfe4be7e0ca881fa2c1e81df4b297,,,,,11/1/2019 20:21:04,8854734,0x38ee3febddc35a0d51b46e7eea2248d289cb1d2460beb316fdff2b61a1ae794e
0xcad16368eba70c1ae30948f31634177ebb1312b4,,,,,11/18/2019 9:23:59,8955745,0xd4cdd83e3fb2faee7ad73ffae2790984347fcfbdefec93e59391b7139566f48a
0x0aac84ef458e67758a2991a769d979981cd41fc4,,,,,7/2/2017 21:13:49,3964623,0x6bd8085319c416004b88b933d68ec6a2f72dab8a86347b0c91a022c06a3ef426
0x8d31d52fe207d15e4502ef99e5b2cdacc18181d0,,,,,11/14/2019 6:39:53,8930974,0x6c6b5d36152964525a24c9db6359197763a5aeb01e052a54c45cdbda42aa2421
0x230de5c8e8d2f3dbbadeba1ea4c1be19d782d174,CTR,CryptoCars,,,8/3/2019 3:32:11,8275309,0x19b06b50729012344682f4e6dd6f07a7a7c95ddd533021041b7174ea8166a1c9
0xa13b9174c9741feb9e1257969f522c832ef24023,,,,,9/17/2018 4:26:46,6346309,0x21eeda2042849eac50ad5c2ab31aa4acafd05b94444a8d9894ed5daea454e0c6
0xa1afbb0154447fa02408e539ee24c00b385f6e3a,,,,,10/21/2019 3:03:53,8781460,0x0adea9fe975700a09433a6d5582165a124c3701a9917d9b06e988a1241aa4405
0x7cc749dc59403e33303f331f7d25cf614e98354e,,,,,11/10/2019 15:52:34,8909234,0xbc8582b8903dd860a09a64691f05644872942560ca04d0393c42de19e41882d3
0xe2c3535cddbc37cbe1e238ba6a355786535c59b4,,,,,2/19/2019 10:24:19,7239934,0xf4b86de3b38d40ccdc02c36886d802370fa45b6c0419fab08905d7103e940054
0xdf1a215e981409c60637a22822002cddae02c4dc,,,,,11/22/2019 3:59:40,8978264,0xb8d6ad21e3549dbecc5098d91fa650cbaed3f100df340c7307be31073a61fc93
0xa78fc24be98b3f1b6bdfe19528eedf60bd0c11e3,,,,,8/23/2018 5:06:14,6197417,0x57145f03c4d9334c7d8e2559b1c34de849f7b8c17c55d459aea69bc6d4189cec
0x1d6364000dcae6c800aff1a7086a2cd7c56f88c1,,,,,10/30/2019 9:55:02,8839626,0x75c9082e5111548d03da36f4c7884bb7f03c2210e291725ce4081d5f2714376f
0x43558be70b5a113e4b20562bb63fe2070042119c,,,,,2/23/2018 7:04:26,5140657,0xe511354ef4de7bad63417987c7f5836055392108c417b5b88f7ac7b2fec5120b
0x80f39fb180ca61f0d8e3651004d96444c20f8129,,,,,10/2/2020 9:05:12,10975706,0x7615fb562ecab81907209ca24900529c6d8fef275b1cecd1d53292b9a1e330e1
0xcd90f9da917164ce5e690025fd9f3988ffec75de,,,,,4/4/2018 22:02:15,5381416,0xe1f04b9a5d09e4d62c3e167c7e2feaaf2df658d0e177c07c0eb0d774da4a2c67
0x7060703a344e1212a6c0a24ab817a686e9398216,ASED1.1,Acoustic Sea,,,8/19/2022 23:43:32,15374241,0x3d095e20b4da724c72715c99401d29576d9941d6624ad183a6a4d6fb50c54a01
0xb6d80a462a40b39da0a0d0f7101ec97f52a9ef24,FAIRY,Ether Fairy,,,11/6/2018 18:38:53,6655614,0x1e89acf0ff5edff6ee2b6cbef27ec3d88217830bb24e63e29f5b55359670e8cb
0x09afd59861ad24ccbd565d9c09c9a4c27edfd379,,,,,10/19/2019 9:37:26,8770515,0x0dd7522dcc54878328394640011078938a56fbc134f11be3e1f0d140fd762308
0x33f074d48d1ab2d53a934b95f912cb6d6b69ce3b,,,,,11/10/2019 10:25:11,8907939,0xa79b7eb52e147edfc0f2d59d5388edd0e82cfad94584acd633d0b2e7786281ef
0x5db286bed80b3d437feb175996d573253b5ad455,,,,,8/30/2017 23:40:49,4221520,0xebd50cd5b8b9b550e5dfd35e2bd739074eab4b24b822ec5a1fae62327cf878f7
0x72713962a31bd1775f753950a336844d7abe08e8,,,,,11/24/2019 5:48:42,8990787,0xb85ea07aae4dd1668ed78179ce65b0755f390b27670ae250eb027fee43d3930f
0x41d16f93d2db3af1e6f40759699e150846c818a7,,,,,11/4/2019 17:48:46,8872730,0x88e0de8d6510926c084c7d0c1cb4446ada0ab893874401299077f93828c9a010
0xedf0270b041ff4284b3d450c39c99221c1d1f913,,,,,11/14/2019 18:07:19,8933836,0x611ddb955b8806377436dfb4ad79895864065023732c06ede31177747544258c
0xf1340453c30497d4c7da4b9b192776b333909b65,,,,,11/18/2019 13:32:29,8956786,0x0f43f3944542f90111b0cbf42acd0244ed636af43971aa8d173d00717141d1ac
0xe3120239e705616f16414501f19fe24f256c09a3,,,,,11/8/2019 18:37:34,8897810,0x55428f2b9d9067caea3796e265b2a579ef6cf761961a1c67c589cc6288190831
0x0cb20b77adbe5cd58fcecc4f4069d04b327862e5,,,,,11/19/2019 3:43:50,8960247,0xd218179e57335a700c568b68bc88bb2f4128f2280337278a7d01f298b166ce80
0xc037f2d079a7e23674b23676e34db9635da289db,,,,,7/16/2018 13:01:50,5974829,0xf3ddab8f4e0925fd22842d624464e5020e30d8d5602c61c707941b300ad7b8bc
0x96f453a38b341a0ee11342289daa69891d043693,,,,,8/13/2017 18:25:46,4153604,0xf31d0de4e015452cedd8e7c5da5728757e76cdc68322e1c5ee65f0a95adca850
0x2204c9c0ceb1610a251539d77ae0b68365526bdc,,,,,11/17/2019 17:42:46,8951779,0xd3bf8bc56fb3dbb0d535fc0cead901945f8491b1e15b1bb4876ee57657a2e955
0xadf48a468c6c057c03c998fc47b312166f415ad0,,,,,10/19/2019 10:07:02,8770637,0x22fafe88fd720642574448fa76a16126b10dd636256191f59b2e04c92537640c
0x78f6bdf54c24c1dac710b1de0ac14b18cd6ec800,,,,,12/22/2018 4:16:16,6930494,0x5a43bf4f1f8f9f2d1adec499314d15b4c3e0ebc97b592c81db3dbb641a3850a3
0x86aebbcd15b15348739afeeeff3ff4db65a904f2,,,,,7/3/2022 6:06:08,15067820,0x42255a5e9bab2996e4cb8cad79c07bcf48560704787d68832ee028d1dbf910da
0xc883e5edcf8a7ff34d0f80e7d4a22cbaa3fdd735,,,,,11/14/2019 6:46:49,8931005,0xbbc4bb470b4525e6c762f703a4093285d54fd6637118b062db9a69b5f119c120
0xf2408a2ef43600c1d35c7a3d922aadf69dc25b7a,,,,,11/19/2019 12:47:01,8962492,0x703706ae3badc0f62efb9b1d50df14bc64abd29b3f301169043769436c8f61c3
0xd7832340383815a8ea18dc81cf5613e91bc59744,,,,,6/15/2018 19:20:29,5794821,0x64e025483a8aa37f5549554cd00b7584ac795814060248e4e0ed7e3e1094db0e
0x9d30009888397056e8302c1da9655528eab99835,,,,,11/6/2019 2:57:50,8881358,0x1db047320e5de77883bbd9d441ce166315d852b04a87d6ad7a1d9434de94e8e4
0xb3c1fabac1d698fe96e99f087c0afc5e74d1c551,,,,,11/20/2019 2:52:04,8965976,0x68464701b78a2e0d568bdc5aaaaf917a2a2f1d83bf6484c231b2a3f2bfeb942d
0xabc9f7942e976a13ee8428fd8bdfeb10178e2d95,OMNI,Omni X,,,3/15/2023 3:39:47,16830690,0x29d1bfb0895245af80bab18b3362e7dd9254a7574453a0909171f6a2139e3eda
0x23522e7220b6f0e52062d172ff00723a26c5df04,,,,,3/18/2017 10:40:35,3373773,0xcd215495f843e35be2dd92765b037c2d19814a06f1ea2214ff4a3db54dc75013
0xeb2b6b3f3fa0ea711ceb2ed77a23baeaf5ac0796,,,,,1/26/2018 10:14:31,4975363,0x27ec81119064d4da6ead79034e0499e73ae27cd9bfd2ab79c38d100f39948c30
0x83a406e9889ac7c0ce250d3683dde0709dc92106,,,,,11/15/2019 0:36:52,8935497,0xad11900825bbaf662d5bea5bb2c1fdd639d4335cda9b6f8ae344741a9b74a780
0xa8b944d52460d7a92adcc92f684fd1f53201f128,,,,,10/29/2019 18:51:00,8835676,0x14dd7d5f1fa19b6a8ca9c0f578947f675edd9c9dc376ad97577b65c55ecb9296
0xabbbdf5226f9b993e5e15a01fcb1b9c9a25987be,HBEAT,Heartbeat,,,1/27/2022 20:27:28,14089864,0xc531f906668d0702a0664eec1cfa443ad15350ea9064b96f81f171fcf60ed1e4
0xe4cb701dd8198b311397d6dd0c6acd65ea8f0122,,,,,11/4/2019 12:26:14,8871311,0xefffc6542b45a0417a86ab8a5e1bde7cea9c39c38d972977973e583f5d2356da
0x77368824812ff6c270561d6ab14086693a25de21,,,,,10/5/2017 19:58:31,4339942,0xd531c796c2a99326b0bf864aacc2a23227f711a18002066b94ed0c83ae5bc5b0
0x2a3a7e3a599cf38d28b2f0f6072f836844c86579,BGP10,BGP10,,,4/14/2018 5:46:29,5437403,0x77d1972a96d6aca1038c750a66dca309620b9aa51521ef8dc03a75aeef370aa6
0x2d6a9ac293feccadf7d86fcab31bfae082ac8cc9,,,,,11/12/2019 23:52:38,8923276,0x6b4019c17d4fa7219d6c3670debbf22fd5e72eadf77d3df310eb630b3877e5b9
0x25d9bef26b6f7018d24d18144fe3c8bfd0d48a53,,,,,10/31/2019 8:17:33,8845399,0x6e48745a48f9873670cb1caef54216edfcaa572e5404c3646224dcbc168b0f37
0xf9fe94ba3c190ec2fedc921dffb6fc3947aef131,,,,,12/8/2019 18:09:32,9073124,0x359d81dc4f577fdb92eefd868e489937a2c9a910cd30ee09cbfe7dd82a89757e
0x1764591069ab755f0e39464fb95cf196f5fbbe05,,,,,10/30/2019 11:14:15,8839948,0x2be35ed6706f164bfddea78128f212b17d30cb4e37a7623e80972a35cc4dd1eb
0x1cda42c559d2eb137103d9a01d1ae736deda3aef,,,,,4/2/2020 9:04:25,9791638,0x5a279bce7c93f561320769fcb0e3c783515a070b73ff0ab3a071d4ba06cd6ca3
0x054ebcd23ae1443a00b694fc09d649970ef422c1,,,,,11/11/2019 1:49:34,8911720,0x1c1d7d2fa5b8fedf3b3f8c03ebe0346073e1cbf4529659edda832c26ecdeec5d
0x63b7a26e0f0089a73e8d66b8ad7fa2c54cd5b8fe,,,,,7/8/2022 18:27:43,15103540,0x613014b9f17530cab473c5a7c3b4acb0cccd5900129fb6808644899440622c2a
0x50e0cb20cd58f9f59cc124f777ac7db94cf5229e,,,,,8/31/2018 4:53:36,6244675,0x3af1ec35c6c60423bb3f69e7c8cf1e36fcca8d7a2f72f83de81909594ecec3d3
0x39622e798ff024021d734088907d8aa4ca960434,,,,,12/26/2017 23:49:13,4803316,0xdbe7c7c137d2b32b4bacffb8eddec407889e7a4b25c3903fb282a1d8486de110
0x0aaed3c6da9373b5075f39b66bfd1e564b31a6a7,,,,,11/21/2019 6:29:08,8972867,0xd3d2f1b026c7df11cf00aabab0ac658bfdf2d2adefd06e1159bcf1d63f302522
0x668cfde68e2fccf867d25173a9348dacb0183422,,,,,10/29/2019 15:38:05,8834806,0x6e548821edc244f639c5aa69b5b70e11883bf34a083fc81d6edf2ba1dbaae99c
0x61ea0d9ed52e404dab2805e53897b7dc27be2b04,,,,,11/6/2019 9:15:32,8882994,0xc1edbee175cba9b710c67b14eac41c16b3d2488687fc7ef826847c19cc23bd74
0x26addc98ff2321a91a776e52be171a963720a42c,,,,,4/2/2020 20:41:01,9794753,0x83ca005e6dee4a5bb4fe3331e23f6b67c3138d34e3acb91a2e4ed68f095e5812
0x0dcfd6d0a85cc8f35fe507fed1dba4318bae8df3,,,,,11/17/2019 23:02:26,8953125,0x917a69a39ec1eca6149ce57cb4c9236164ba84d418bedbdf89dc46211779b6fc
0x1098b3cd6a49c94142100c9131a52cfa2538cb18,,,,,11/20/2019 10:09:32,8967731,0xc6899398b7ff435adae652bc2f2ae514ac9d8225a2f29ea3274cc6401e31485a
0x1943f50e854a17ed58472f73d134f8e122b6a19c,,,,,11/19/2019 17:28:11,8963638,0x72ea8252a28aa4e8bb400557b0f5c69693fedcf2ce56f98eacd84507bfeb0c9c
0xf7c6afc9d99affc88db47d586b2b8921010364a0,,,,,11/4/2019 14:21:04,8871827,0x3355e49fb29ef45fb269a09f5aa55f9dfadc2c286af41ce06e1f63c300f3101b
0x410c89b6b5662aa2ae7de14d29b309b7a2120e3b,,,,,10/18/2019 3:06:50,8762425,0x89611ad2541de4906235ce83851c15bf0c14512f26a19fc802da64df9aa82d1e
0xf01f8bb3cedf868942a9e69b562f0a13fdff81bc,,,,,11/15/2019 9:35:20,8937688,0x49e9fe5bc71c64dbf39e982a12ef51cd16b445dba6d9089f3df62bdb80d0d77d
0x83caeecace9ec5c322c93743b2b370ed58951f5c,,,,,11/1/2019 20:11:03,8854691,0x1049c64a1d62162b996bb19a84304e05ecaf450e424bda4feb4c98f153170583
0xc0e4f1abe99282cc61afba296257baaced37b82a,,,,,1/18/2018 1:19:36,4926538,0x352597503705906fba72c5d52b98433a1817a14f8324091360c21f24edc97af0
0x9c29b543f563b727882b0416d959151e61569443,,,,,11/4/2019 13:47:07,8871675,0xc42c8c48918454f33ea4d09130a1e8060151ab98dfbd4855e8904f044f9e33e8
0x432d0fd32e7b4462b7d4036210b7615f43653148,,,,,11/25/2019 7:12:56,8997164,0xc98412c98233bd12dbaf323bef1f0b923efe9cf9dc861424ce953632a5635a89
0xcbd3c946cc3af34fcdd2ab8a1a465c86a03c3010,,,,,11/2/2019 8:25:54,8857862,0x3681841362cf2210b0eb8b90067f81271295695fd9b4da530d24032d9e097ba5
0xe86f023e8e3956d15225c9fd00adfe9d197e1573,,,,,10/19/2019 9:08:34,8770379,0x137e87436ba16bfc044ceea0faca5193a7c05b2b8ce6f08adf6ff942a9350d0b
0x143c7495acffec8f15273d0153e4397862ef0bf7,,,,,10/20/2019 8:45:13,8776576,0xe413762e94cbb7023ec586d0679891e789c8a55d42f743c4dcf51b9f504bfcb3
0xe49ee2afbe1df16b379421a64ba941761a9f4aff,,,,,11/24/2019 23:37:47,8995262,0x45d7bb63648427d61cf78b85ad352562fc6d29420046cc2cacdf00333fe5b810
0x907c9b744701519633e32d6946d215b224bc26ae,,,,,3/13/2017 9:45:37,3343529,0x9a6b669a086a9ed7d35bb54f99b245f41a8b9b67a9f1e637bf62fba89d12be11
0x0875ee61f0714ee75039574b2a3ce34cde29546a,,,,,11/6/2019 8:56:13,8882917,0xb0ec232ea546448c9d9ca53c560bed6ff28ba6099fac63b813f516ac2abcc945
0xd0a5f49282b83c5a2d42e87cb2047be6d3fd7ddc,,,,,11/15/2019 11:59:49,8938298,0x2ee295ef640ba52e3dcdfa12e93e6ff7bce1cc497f98ed6b72e9d1fe2f739637
0x813328372ca28177fcc29ca0faee47f2f29a5b92,,,,,11/17/2019 9:52:56,8949759,0x4f47721f45fa82509cdaccda52adaa449eee0eddd50454f3483b5732b8aa37a2
0x33540976411534a8d96c715a4ff7f4392d2e52d1,,,,,1/29/2018 19:44:46,4995616,0xd929a0094c09f3acff181d3ac43029f11512475c6bb8490b90082c0c0ee56bb7
0x1183829cff03999f2634190e9532a090664435a2,,,,,11/15/2019 22:02:20,8940842,0x3a0cdd1719183a1b4a2daede7003b920c446c326ae7809089cf63daa4b24f607
0x1effd41a757827dc2a81eca388e9e12f0678c1f3,,,,,11/5/2019 7:18:18,8876230,0x31692331dd831605ff79d329ac2f784b9b67a6a4ee2c627b2480035cfca41bc6
0x8d47a09222fcf6c6303e997437bfa7760758581a,,,,,11/15/2019 14:26:51,8938909,0x977c125330ab6766806c50de8b0bed027e51a84b216400c331d45cf172e3cc6f
0xc96f54782b4fae7b0b442474e9ea65a4c6186fec,,,,,11/1/2019 9:08:39,8851807,0x56497e039d06404a0087ebf5fe8aec4c14e85a82227f1601a76e46244b955b75
0xfc9709e9dc349c7e27e335fd1fa59b0b6a66c7f9,,,,,11/7/2019 2:31:30,8887505,0xeed040e0ed18ba3e9bcde336665da42c8d7d24539181177c384d3d40499f3686
0x03e1319e92258d138a4892aedf0a9420fb7b0152,,,,,10/28/2019 1:35:48,8825022,0xf9d39c67dd4812835580983e7ddb8e9c5a1301896c78f01858f04cc5177aab97
0x079ca51f7f7bca4b971eb8b6f826d0933ac2bb79,,,,,10/28/2019 11:45:45,8827633,0xadf0a5ac9e9ac8da428d10c01cda527ed2d3c86814795f3941075b1679e99a99
0x643776d51cac85dee50e004b0cd8077ced180d00,,,,,7/8/2022 19:21:30,15103805,0x26c1627dd8d9fb6433a4b54d6a0366ccb3001d7a36c843b8eb7fdff66c6ecc16
0x2281beea166701fa977599e8f6e649844cc62352,,,,,10/27/2019 15:04:23,8822273,0x2ffb588e30bd67f3244a3ea1b57f8d08498ebb2512aaef29c177d69d69dc9707
0xebc5b1bc88bef5648efcf891a0afca07777c0c57,,,,,11/21/2019 4:14:10,8972316,0x0b0c116e7cef22ebc47f631b8af4f5dc188b058c97b114df0dbeb35a4f4585d6
0x2538c8630848ce1f91fda0e8c9d596a34e21b2fd,,,,,2/9/2017 6:43:00,3150132,0xcd54a5885e127c44b2abc2cadbac7388b9815d3de6cee1e8eb48dbd8a666d393
0x11b4591dc55d0fb44ce2ab7abe5536ab6e19cf78,,,,,2/26/2018 22:58:25,5162120,0x584a414b8c7d4b4812dd8e9f098c2deffd058535d8eb40d1780c05bd905972a1
0xcc6c40efc4fd2b551ad5c991dd5fe0daa4d5ad43,,,,0,2/27/2018 11:52:18,5165231,0x2981ffe7da52e533e7d54c31d8cbaefe8db0a1cb27f87b092ae4b9d209b722af
0x2e345583b6ee78c5085545d0f0c1cc06533dd91b,FrogMPKA,The Crazy Frog,,0,8/7/2022 11:27:40,15294897,0xc83823131a5377a0b581c63897fde396ba88c0a885c282703ca254bdb60d3247
0x0719065391188b6ba66d8f933f265cc01cfe43c9,GWPPO,PiecePeckingOrder,,0,7/23/2021 3:06:50,12880148,0xc2f899256c092cab98a1396f896846a1c35d909e4159fc131728110b549e91ec
0xb1420ded0b393557d37f6cffef3e31c01000bab6,,,,0,12/30/2016 9:41:08,2902742,0xd1c92f22c6df1fd86e74b9825a3c3c46a031373560127e310bbac82a23274511
0x30980c2c5fe84cf39597ae1bd80d08cb08b6fe61,STK,STARTJPN Ticket,,0,12/24/2022 10:47:35,16254095,0xd8271d5ff583f88576ffc1924ec3806fe151f5466a47622c096f5063537e98d0
0x61322feb1256c2f30908d725388a264f14d58b61,SSJA,Super Saiyan Army,,0,7/29/2022 10:15:47,15236766,0x1c67363b98d579b5c3776e460ad5520386a8c7a15029a3c41df463d6dfae8226
0x46181a2903a2e8441e362b33ed470ae4c9a45c89,HRSY,HORSEY,,0,8/20/2018 11:41:24,6181174,0x8684d6cce04c063b68b1ff7b6d00aef7bcc5a946895a3274e84eb086dc814ab5
0xa23f77986a23b3f109a2ed819deda5e939c7c0aa,ABUK,Abtract Ukraine ,,0,12/30/2022 6:46:59,16295889,0x2acc15f0a8c3a6216e1fbfd12f72eb7d439b526a389ba7c205b296648e59b4be
0x7bf5684b69e3b59590db509c9b0886fdeae0c64f,NAME,Cryptovoxels Name,,0,11/1/2018 4:07:49,6621469,0xf023c62b589ed567f3fd40889ae10e89fb66b6cd2e11e40eb2e9d62912989338
0x93b94b02e4ff3e5dc6310664d621a5a90afb657f,Sheepy,Wheeshy Sheepy,,0,1/24/2022 22:58:16,14071155,0x3281fff5ebb69e9e289f18be200745281edd2c33572d16d12922b0aa04d4e16e
0xe67d9fc2a2c7c46370fd31252e47bd547ace6219,,,,0,8/3/2018 13:22:09,6080961,0xf94e5878638215b1b4eb41c1b831069668cb1e179b43c4c55cb022352c036e63
0xad77b165b7e4e3e227f4024bd0e19f79cb91db79,FAB,Fabrica Land,,0,2/28/2019 19:30:22,7279942,0xf0aba9131c710654d7ec046d8d15cd62bc943cd8a92517b4593ba116d8ef66d0
0xc7af9ca52681657c4602db6500c871e25466c336,,,,0,10/18/2018 19:43:52,6539896,0xdceccf4bc2604e59964e28d9421a412f486ca6d1a88ffb54e5ff2dbcff3e77d6
0x083a27e2c44412954330ade5ded41e546c398db2,EMOND,EtheremonAdventure,,0,7/29/2018 8:35:05,6050255,0xe2160f01ce3e3f9695eba4134983af3a819953fa8214b6b7b95723b6b8331cab
0x854d4c84be7b40eeb1bd5ca74826c90dc5bc7b78,AC,Anon Chibi,,0,4/3/2022 10:45:02,14512705,0xa89858ddf91c855e7bbbdb896a5b695b1d318e95da8dd97197b38df0ac705f98
0xf1c16195109c0ebc1fef2e6287566c721cc59a2e,CA,CriptoAnimal,,0,12/15/2022 4:04:11,16187591,0x4f0bfd7abbfae19b279e28c658111edb3238d499cdeb50fd8b4035ff8cbc715f
0xf1c0d3abd125f72fe90c25029c16c6a7c3c8d271,SPT,Promoblock,,0,11/12/2018 22:46:43,6693364,0x522291aad7bd0e3c497946a06820cbe79ef9887c2dc14a36134ae25f6db041d8
0x9c5d705f106582e003db05ad889a12f76b7a1b96,blockv.vodafone::FindUnlimited2019,blockv.vodafone::iTunesGiftCard::v1::GBP10::v1,,0,9/23/2019 15:54:15,8606349,0x206e1584c6ffa852f2586d5cd44a20ac4923b8317c0bff1809a263671d2ebfc6
0x47197989185f78c313eba5a2d2a3fba3e8931a4b,DISTANTDREAMERSBYSHORSH,Mind Oasis,,0,7/11/2022 13:42:40,15121645,0x1100ec8503f070643d5ec7648cb3e3cb10338266770e9f3207ebe692ce134532
0x7ea377e57506d48d6b5b8c7c39615db57f8db81a,ivi,ivie,,0,12/1/2022 23:55:35,16093374,0x0e8fd07aac40b873768e74434cdbeb3708c5f3c58cf38432e0a321c97a94b4c5
0xb3952c21666a5f5f311fd4c0194f8eb928784cbb,CK,CryptoKitties,,0,2/6/2018 12:35:41,5041101,0xf8e98c99308f4fea0ad2c3a4dd5a4dbf36d7340efe6e4eaf0d72dd7b376a6809
0x8ce3c18e21a768a7f5b667d4984baadf818f3acd,DRCT,DRCT Token,,0,11/8/2018 21:07:28,6668460,0x96b6a8e199a15c4366e6de9d10f3730cea96e9baf312d7603e1bfb45fd0b7619
0xef8d7d659ef042779a4c0f681886f6346d10d3c4,DG,Pet,,0,9/20/2018 7:49:20,6365338,0x9a1045abb01d9d92a3f0c45dd57ac2d5cc9849a0208e495af5a635de3be4dd8b
0xa0816f18691189e2ea939e7857043b8b5e6c7272,Athlete,CryptoFantasy,,0,3/3/2018 1:58:35,5186376,0x6a86edcdd0a18b6a0723770ba86dc187d7cbd6287575ad9e32c1a38266e325d1
0xdf25814954010bec9115daab2a8e8d0b4d0809eb,,,,0,10/18/2018 22:20:54,6540556,0xb948e6d02eb092b30ecb0904eca127819f66b6ba5ee83b71ed89852c66133af5
0x7b811ae95fff15a3100cd39220af69faf523c2d9,,,,0,9/12/2018 18:23:04,6319542,0x00f4461db3fa5d98259dbb39e1342a009e757efe067d1ce2d1496c5d363cea8b
0x0819ceafbd687645ef91a6ec7ff9956a8fea355b,LMNFT,Project Maelstrom,,0,7/25/2022 5:34:05,15209827,0x0f22c2ec6b69dc9e2f51b030898f463c6008eb900df1d69dd56c9f37f78254f4
0xe12c4e050860bfe13047739b31e97eded939a569,,,,0,4/7/2020 5:32:54,9823118,0x6854006985f54aabccd773469edc6a24c824cc3f7772a32c6db156a0eabaf5ab
0x253d043f494c033cc6d51455eb6e18fe2d3d6faa,,,,0,8/26/2018 20:55:11,6219060,0xc12904792cc97d38a9d9db35ae1484c0fdd7d7234d7b00a3fb39628d146da7bf
0xfc52831f54b282a4186368266a8e6440c2bcaa55,Ho,Honeysuckle,,0,6/5/2019 7:01:26,7897747,0x2999958d8736d0094766da39dd880572f538bb5aa8d665506254d0623e60b7ab
0x224af8a81b5f44b0032456725d97fb760543bbe6,,,,0,6/4/2019 5:12:13,7890889,0x7bb16a44b6c26fe1e20b4ac573018704f8080cc3236fa1784d48e44b4fe4114b
0x2ec2166fd4b64d1e90a4ef76988a870a482075a8,,,,0,11/22/2018 8:49:10,6750705,0xbefa189d56276321f5ecf81f14e1e00b1de1c27632729356d1cf6a2c4df021ff
0xab64819c603ae5374fa5c0af5b4842cc70c5e7c0,DEADSUN,Dead Sun,,0,10/6/2022 5:36:59,15687020,0x4650dae697fec79ef9f66bb08329eba865cc2769df5bf8b2a2d9fcac67ad86d7
0x4ac9045cc909ea80a515003d0b9af799aee0dbc7,PoPT,Proof Of Purchase Token,,0,9/15/2018 5:26:17,6334421,0x36db3b41dc688abbf0b52b975c5439a529ff8896bd1278d6d750f3e8767bfc37
0x549f38a8d85a51a9749f487afb8d859081969388,,,,0,2/6/2018 12:30:59,5041079,0x00dea85b8f8c5692295fb2bc6fc19b33c5096aa45ecbe640b10b6fc49857dc8d
0xb415e3279aa0ad5ac53e5c130e79f7ff47991de7,GCATS,Gundam Cats,,0,5/22/2023 4:25:11,17312448,0x894fc96dc1941f3bf09affb63411c952522052c0b59b3cbbd6670c0e29997335
0xd866bed548955ed277b10358f874ec895d306595,OBN,ODD BEARS NEST,,0,6/23/2023 17:59:59,17543912,0xcdf268de445c4bac522df0c4178b60fc6e140423753a989416fe6d00ef7a5d84
0x6512703abc809b88921703b7572a53c652f96371,,,,0,6/26/2018 22:33:35,5859872,0x7fcf4377f417a69ed31f5b226acf6673f54b96aa436bc2fecbcafea198327002
0xc0ebb94da4f288b15de6338b3e9040a3a7d1d044,JPS,Japan Souls,,0,3/31/2022 20:29:16,14496098,0x55b434b98e0825c6d42d5d05449f4c1e5c991fdaea8ad43f74e672adb95300db
0x67fc46ed71242669b42bb175b355ada67ce200cc,CBS,CrazyBirds,,0,11/13/2022 3:03:47,15958295,0xcefd3a20f22adec7f19db6c2c29163220aca9932f4dfaf3ef9ebdcda66cb067a
0xb3b8d8ae48d358423da84d37aeebcb085af6270c,GLTCH,GLTCH by Nai,,0,12/10/2022 23:31:59,16157608,0xa61fada699a5be0d3b7574a09d3150c1e067809d0f68490e588b3d4929bcbdad
0x88b2c8c6a501d261ddedb9fd3ed502edb40b2a93,blockv:package:test,blockv.krankikom::demo::ETH::package::v1:Variation::v1,,0,8/9/2018 16:12:20,6117254,0xcde57a4c698edd29e9ba649c915e3cd0ca67caef7455f1fa69cc86bb5af6e787
0x9a91dc1b2d50b4fa5fecfe78ddf5d8b223e7f3a7,,,,0,8/27/2018 21:56:49,6225236,0x9ee28ce2e05df18a3075ed92a52384faad7841c6dc7be2e6f7c177044ebfdde8
0xe32344b495087601eb7d7d38de32a86ce07dd9a1,CB,CryptoBlocks,,0,6/2/2018 7:47:57,5718427,0x3e017376d262f3b209755d20d40b5f9f4c30d75eb606fd82e382bfc9f70baca1
0x8f8a3c51b1eaaefe9052fc86cff57971b11dde45,CBI,CoinByInsomnia,,0,8/4/2018 10:04:01,6086168,0x7dc3e0f2af0bdb6a68be9cb01fa8443355adca6e17ef97a21cd0a3b8b83d4a8d
0x4df9c2e09ccf165681881d0ed6c76293af4c0798,SQP,California Beach House,,0,1/8/2019 11:56:08,7031137,0x46b46ab97a775aeddcb6e1c3a99105f58ac780995097b14d2e30de6d505452d8
0x984a3d729d6c338b2f8d50a824b6f0e1845970fd,,,,0,8/3/2018 11:35:30,6080529,0x324b17cb43d18e66ba1c352a67c8238e2e1b8a7e7e96e67f2d48148fa7da659a
0x2b5a6c34dd828b6961869a9bebcd5214fbf50e75,,,,0,8/18/2017 19:21:44,4174506,0x168c6e55dbbe96ff89725e1508f37f3f83d5854fff1a094f1bc76f182964cbca
0x6cf79cbc66172d9fea01a395742da86c01bdcf02,,,,0,2/1/2023 23:07:47,16537146,0x4a7fa211099bfd0dc6012ec0864f341484dbbbcc230f9f6cd8d382fc98f614d1
0x47876f23d9b62731b47d123054c18b9e1cb1495b,lgel,event-listeners,,0,10/17/2018 13:36:25,6532158,0x008a4b7d65274ad6b6eb67d20ca74703f707e12962016c86fbd0c516b6061da2
0x55db08ec09dcf1dfe52794351263c1ce2fdf384d,,,,0,2/24/2018 9:06:06,5146993,0x27ccbab0186c9794c6d5bcd9798eb84761175147d26a8b890dcc3b8174d5d5c8
0x92fad4af91f1e0e4787513bd6b158f2eed442d06,ARTT,Artisant,,0,5/22/2021 20:47:09,12486348,0xc2b098c6f5b82a25d5854232138019e3048c55e9a7361d451562e4dcba422c82
0x40281f6c64c21b9b4798ac65dfb72bcde392e1e4,Moonstone,Moonstone,,0,6/5/2019 11:10:58,7898872,0xf8761d159deb4435d8499d545ddff027c9116238b0bd1709429169e26fdc0533
0x99fc981c16a67c5526b97258879162c9f5b84f2d,,0x4a65666620476f6c64626c756d,,0,10/22/2018 8:07:04,6561372,0x0ab213f839f60ce071417f43f9020301fea9a0167834381bbe613e50c367fa98
0xa19ea315357863a3f09ad362b6203dc58460ec6b,LCR,LICERIO TOKEN,,0,3/27/2018 19:23:45,5332842,0xbb31d27f3a0829c1eda97429cf94214c8b992f23a923d277d746159ad0b508d6
0xabd32ad5a44d0939a34455cfa38558784b878fcc,TCO,ThinkCoin,,0,3/1/2018 9:35:36,5176491,0x1e84b27c90dba98e9f3112151227810bd630cb6937040d246ca8666e2958028a
0x03c3b916b491aaf97eba726136f2c76fceb6a61e,PTDO,POTADUCKS,,0,8/11/2022 12:42:38,15320780,0x42c863c0cb903a081da945ec3b454d3f046037c0f90aeb17cedb40d50e3117ee
0x51b14b4252b7a5ef06508f2a0bfdd66d8a70b502,RAIN,RAINDROP,,0,7/14/2022 18:13:24,15142331,0x24676d2f2c5c5d904499c58bf010b2ed8113748640d9cfbdcae87281052b55f9
0xb3dae3bc6adbe10cf927be2728b09c20720ce537,,,,0,5/23/2023 1:03:35,17318567,0x89751e75d316c09df9f34b07f96a3411ab88a4c8c191c11ce4b7ee749977ffd6
0x08a84018c36ef8f7daaabbd167eb41b225041453,Athlete,CryptoFantasy,,0,3/3/2018 2:05:36,5186413,0xd8d4a06d51df8ec36d3c35df3f33b6a238a9368e5d66f2c0279c80d510fa4c62
0x67f624c586d9de408e1ba362f398655290cad12b,THENEWGODSBYJTHREECONCEPTS,The New Gods,,0,9/30/2022 17:19:23,15647599,0x8c6b596810ae28b25208721cdc5fb5465d297eff0bb50c783e73badfd9a944d3
0x17220eee115ba66a0937473be793048497cd30ab,t,test,,0,7/14/2022 10:04:40,15140123,0x5ab3d2155f0d88645e0ad4bad19b5900468e0bed8a5b6d317f4e23567e0ed815
0x8e36888a80513ac12e7ea24505b9a3b30e51de1c,,,,0,8/6/2018 9:14:14,6097831,0xea01bcffbcbff732b40630217fda18fde3a3ea3654ba0578737ceaf319ca7b00
0x4f85adc603efa5b5d4013415090e101481cf81d3,LairOwnershipRights,LairOwnershipRights Token,,0,3/15/2019 7:47:43,7372344,0xe0cbb2dc6a586795e6321186372bd3069890c67f2717ca6a25f112f6d8e27929
0xd4125738c30ba161790fbf376b877bfd6d898a72,DRCT,DRCT Token,,0,3/1/2019 15:32:19,7284623,0xf099f1f744b6d035664f05a33fae88a013d5cf22bad941c8a4e9854ce5a0b1b9
0x28a2c511685f83edd0f5fd7f70358a44f99d7bf5,,,,0,1/1/2020 5:45:11,9194402,0x4944aa91d2719411fd4c3496bf4d78d408b2f2f11926ccdd8d64cdf55ebf7f98
0xbf504b69c7a8e16b2488dc456fb5e451b652e5ed,,,,0,2/6/2023 14:38:23,16570393,0x2a4994161cd2091640a4b0cd7f44ea7831f7d892fc3d6315788ca73b732d5aa9
0x7938ec3cbe3e2f1b07a6f355d6e43874b4d0f9d0,,,,0,1/20/2020 7:25:01,9316962,0xa5b13cea4c3abec3674aebea31b007278b0e1d014c619bb7d8417fd67abedbca
0x182a1c62fb06e3a134f5a28632aa82c6d2967700,JOIN_LUNI,Luniverse Web3 Developer,,0,4/19/2022 6:27:41,14613950,0x9ad6f79c4a9a0058ee1f0e01f8c505e4151db8c3f9481bd15624ff1212428545
0xbacbfc6e669467caa72ff9e91eaa0cb15fad4115,,,,0,12/11/2018 6:00:53,6865273,0x25ddd8c1bc31fa997fbbb01dadf8a03eacfb822c8849b1fae155294c1a1ca33b
0xa96e505447866059fd36e11de997bb5adf721de1,,,,0,5/8/2018 12:56:23,5577962,0xd384212c1211985df5c0aaa0db207d0dde097a18eb72b040395e0382be2fd43a
0x235b65d26c959a42d8c24d50f12fd7f9f5ab42bd,Sapphire,Sapphire,,0,6/5/2019 13:05:32,7899393,0xdab28ef9b1c0aee49b3bc9f948a71749ea9a2d0d49c6c65cefed6c026891b5b2
0x33f2a47217431ef7e71783f6e0beff0f83d1c2dd,,,,0,2/16/2018 10:20:12,5100112,0x3e856532f0681dcd40e5ab81e111721d0a0b18273ffb66bb21ac8415898626a4
0x3d9bbd5a8040743239038bc4b0f613c04c94f44e,,,,0,3/24/2023 6:34:11,16895608,0xde2991f83e091d6979d7d33b2534d266aec24ea50926bc521e40132272e358ec
0x695ad443857e12cf268bff18b5e15c2b69c70fb5,NUOVO,Nuovo contract,,0,12/23/2018 17:30:29,6939613,0x8db778fd242bbc35b9a5f994961dbe3063ed6643ac1391c77056f2c0c7fd28fa
0xe5b58d53caabc455a4ea1ad6a9ea48bca0e42c7a,,,,0,9/28/2018 22:42:52,6417696,0x0299875be83ab413f03587c39ca244a68fd565f89883c0702843bdac89bde2f1
0x76920b7e46669ddafe57ac7067d077326dc169aa,,,,0,5/5/2020 11:12:01,10005908,0xc33cf4f6a516ca6cbc91604184993b627d5b7773daa50396ae5ed164f9d11a05
0x38e91422fd38ea5760a5a6b13f5eb291730bca14,NFDEMO,NFG Demo,,1,10/31/2020 0:17:04,11161376,0x5797a28b80f32be7cbb0c77bd40affd57a726e4185013c1161a8dae19e9f5f60
0xa2b99e0f503565a1eb956bc55102171769933162,PHD1,PhD Mintable,,1,7/6/2019 12:21:37,8097665,0x133afc56b202339e94258df4334433b1aff9b5cdcaba8aa57b8217f27dbbc74a
0xbabb155d2b739224bd7cb412790ea6376bbeda81,MINT,Mintable.app Genesis,,1,11/29/2018 14:55:06,6794911,0x8b53dda07cd2ece5cc4aa1bbdf9e29fd43d1c99ba130b0ed49951cee7e562c4b
0xae611ac177dd1d253482d437e4cbb3ee6010251c,KINDSURP,KINDER_SURPRISE,,1,5/15/2019 14:46:16,7765515,0xa39af4f15cccd790624569635f58881c247e75df6608229b23397cd86b33e7a8
0x184bbc4f0f915adccfd1cd6b64dc8eef293cc0cf,VEN1,Venus (1/5),,1,3/23/2020 19:40:18,9729629,0x9650c930fdb0ef1b1e89a4cb1f1d86919b9d897f2698d16858984683d583daff
0x24a81356ac2cd6be8488c2b4bf7eb869742b91fb,MAGI,MarbleGirl,,1,8/17/2022 18:59:31,15360426,0x2de3926f198d3ef43b72f4e862f42336c912d2998f609d6392f9cc397e2abff6
0xc9fb399f8e90e7145836502ed33293977fddb662,Guy,GuyKoren,,1,1/2/2018 21:22:51,4843749,0x6728f98d07db50ae546942497fe08c18bf40eec4bf8d294a79b47aaa1e277fa7
0xb43ab73e65220291a22467fdd07b28d086d5d7ea,DCL_MEMES,Decentraland Memes,,1,5/4/2020 0:51:07,9996561,0x1a9ea952a5502342d40eb5bcde4f90002a42dee357a2212938ae4f338116016c
0x5280a587de7ce613f9631133fde44eba3e4eef2d,TST,Test Beastie,,1,10/26/2022 20:11:47,15834556,0xb83d1c1221c28e8a4af6e2fb6102f53afd29548028d4c1f6ca284400fb0b179d
0x05e1f722026844c211b87a1ad0378c6c6de2bea5,COLLE,Collectible ,,1,2/18/2020 23:16:18,9510015,0xbf31c7fae9a60d56a8c21de1c98973b1428a0948540787538ff65f30b44ce26a
0x43a5935862db4bb8218f720f583edf689e0cb677,CT1,CertTest1,,1,3/24/2019 7:41:24,7430098,0x87b053ed53cadc44d2d272493542f1163a793014b6ddf76d87eb130eed7334d6
0xde369c910892592a33cbb6472b63988f87e9732e,ETC,Escobars Treasure Collection,,1,2/25/2022 18:14:26,14276799,0xac24a748386bf338bd151c59489f77d3917e86a7935ebdf3621384fff43382bc
0x2b77e16d5c4542da08968183bd8f4f4a6fa9da82,rooftop-la_fonderie,"3D model of the La Fonderie's Rooftop, including PBOY Fresco ""The Raft of the Medusa 2019""",,1,11/8/2020 7:26:49,11215425,0x5188e1d2c306e1952a1e5e923fca1213f1099d834c396f5716cf8df1105f6f0a
0xa9214c56e4e80be175403a17e5ced7aba7a1791f,PC,PetCraft,,1,12/29/2018 9:43:47,6973217,0x41f2d8980e0921640ef71c5650af4b95d3c4e12966f907602b592eacba8f179c
0x3c0d974d25399fb6d0af974b9384beb1860a116c,,,,1,2/9/2020 21:08:59,9450901,0x53e50feee511fcfb3285276dd6f635f593d381670d2817b5a38e9f60ec2527b1
0xd209d5efe31bb669a2889dcc4091e786d1ea89a6,TEST,TEST,,1,12/23/2022 10:28:47,16246825,0xacad08a24bfbd65e0fcdf30157491165c40544a2df3688871fe94679fed76efb
0x057eecc85ba8caaa66497e70fa7babed4bef2bb7,MAB012,Clifford 'The Addled' Kadaddle,,1,5/27/2019 18:17:28,7843232,0xb47bf394c6fa7e790fae8145028b0f380d1f1111240eeae41c2099f7fdb7dd9c
0xd06f2a2feaf5d7d3e83faf06cc275294cebdf14d,iv,IV Token,,2,8/20/2018 7:58:15,6180275,0x6a4e0d5084ca02002502086703848ed60dfbc0930be4161ff7ea22427b6eee1e
0x4179528afb522747d4f2cf10e86306a135e3cda5,ARDL, Arcona Digital Land,,2,8/23/2018 14:15:59,6199607,0x0d71423504db6e2abb7f1e08114dd4824c6b2cf7dc201ed573b01a7ff635fe5b
0x0cf96e5319d047c7e074df8f9c8847341fcee68a,BPS,bitpandas,,2,2/7/2023 0:55:11,16573462,0xce718faf0004ec29f9bb07f23d3307089c5aed0daa2534f80a55b9f7e131d47d
0x2454e7473b14cb5757f764822da57cd1dc1b6069,19PRE01,2019PRE01-Test,,2,7/26/2019 0:06:52,8222869,0x5d3236469c86f8783fdc3bd1e3f6e5348d3da527185747cc0006d073ee303f91
0x519e0b2e11270c205a39e65384a57721b0b8c9fc,BSRIN,BytesRin,,2,1/17/2022 8:35:10,14021960,0xe3cad9a2f89a1cf9f6ec45ff441387d8b1bd53d93234a07a1988cce24878fe6e
0x8ac926d0086ae6dd2aa984cf21c579a9aa037b27,WOB,WorldOfBlockchain,,2,9/4/2018 11:57:29,6270160,0xf2a6b1c257e0fbd6c5e3c2f201d33faa1286a583afde4f274943f8ff09faaeb2
0xc4f9fece08e1ec3a58b795fabda3a577409ffeae,Test Token Loteria,Test Token Loteria,,2,1/31/2020 10:30:14,9389500,0x491f24f8eda48415152c4d690daaffdb379c37b91c64136d165ef9910101d986
0x0609315d798409bd6b358e49f8b2cd2e973abbf2,MAB028,'Gulp' The Manatalupa,,2,5/27/2019 19:07:32,7843450,0x4078429e0a82b6866055921514fb55330ed488941e14cb106c1974ab969ae442
0x071eb67990f1f96ef54f1a0bb7b1426c61f0430f,SD,SpaceDrone,,2,11/20/2018 3:02:23,6737142,0x5bb342198d6fc4659ac572fb79da944a1fe67e96b51f6bc85cf60af68d33f8c8
0xcb4108fa62a305da2a71a81841766225710fafae,TOPCATCREW,Top Cat Crew,,3,6/12/2022 4:29:13,14948205,0xc79051392806c621f11b66324167d39b26b774a4a90edb74190a5fa3926f0743
0xf7ab852514a9868cd45f7c41d04ff1f073c97d0b,BITC,Bit-Coin,,3,6/18/2019 21:04:50,7984605,0x095282d0e6eafb8a757caca85eb77230d936227a08cff0b4f344f82f2cd43c67
0xeca5209b63bb16447b9deb7559c56b88251e90ce,MAB004,'Yuni' The Hassleback,,3,5/27/2019 17:52:13,7843119,0xc14b21a61ec94668b8bae745d5f175c6b3b5ac630d11f40bc9e42c664619cfb6
0x68c403abcf94a0a482b33238d9f9eba49f507c1e,ATKN,AddressToken,,3,9/8/2018 16:40:39,6295223,0x0b6e92bbc144ec0849492b79208d615d6d6666334ec73fca6a2f5b2478d8a587
0x66ee62ba96705dadfa970c81195f647cba279ac6,WBOT,WalleBots,,3,7/23/2022 4:39:05,15196826,0x48d67c9629e81a5e8b38889b9410f1c51b8a37d03a14c475756b830f000bc5b7
0x0cf629b8eabea7fbd66da0376f177287013c70d0,HDAO,Harmonics DAO,,3,5/19/2022 8:46:29,14804027,0x0161edee790472dd9f5546dd95b85968b0025161bd45a55496855f2127049ae2
0x00ce2bba7c57d29c3e48924d2a8e5d6b7b3fdc53,RBFT,ReBuzz Founders Token,,4,3/2/2020 11:45:30,9591482,0x88a338d1f79df5005a4ffc61432e478d038b44ba19a9332231a0d443f162df7a
0x1f607c8fd365444b1a4f0e73d1a863effec6e7be,VV,VirtualVandals,,5,1/24/2023 9:33:47,16475802,0xcba4e5dbf16dfe831ca7f502857d39eb56e636ab9d5e325bd20143db6dfc41e4
0xff08f93508338ef2a592891bf7306cf294cf84bb,CBT1,$CHERRY Best Tipper Oct 20,,5,10/25/2020 9:25:14,11124761,0xd3680fe469436956d40f8aba46e6719d1dd95edd6910c8bae873ee5f2a786607
0xd975d1b16168b06b53a12fa3d501b3f75943f5ba,SPKA,Sports Kangaroos,,5,7/16/2021 12:16:38,12837854,0x5dae29c112a33a931ab83f324d2e7c51ccd48d0243365ff708b54aa30d9dfdd7
0x1023ca6e492cf5ca495f89cdbf9ee9a8f8892ef7,MMS,Mingle Mangle Studio („Åî„Å°„ÇÉ„Åæ„ÅúÂ∑•Êàø),,6,2/8/2020 22:26:25,9444780,0xc667c7a6111cb1af3e383ce400eaafc3e973af0bb874b31cecdf3855749faa25
0xc141140e34ebf78921fe4f721fb89a1f360df83c,KST,Kubo Silver Token,,6,9/9/2019 6:18:01,8514027,0x8bc89a83b9d21b1988ece278dd0e3a3e664602bd680f6c3ec1f13011c9601db4
0x0131c575be43586c5346435273035c8709a3fd34,OSC,Creature,,7,6/8/2019 17:59:32,7919846,0x3cff448b61c3c7b012c20eb0e10a2da154f1597205121ff9109e580675dd6df0
0x7308c20978dd5862f2cd4a7ae78dc411660172fa,MATT,An XLNT Matt,,7,5/18/2018 17:27:51,5636023,0x3fb9f98978f4e53e4d6e22fa6a91abb5459437f79de08836a0db8f2ce3c26bf4
0x51b82b7b50a328021ec1e49e7c84ecb3054754b8,ITTK,ImperialThrone Ticket,,7,11/28/2018 8:41:09,6787225,0x2f79921f1278ad1665d82f6b64168e0f1becec99e90742e4e7e023efdc4ef6dd
0x2742a591a8e480cab1e17733bc84c31506485ee9,GiiR,Wick3d GiiR Collection,,8,8/17/2022 20:36:16,15360863,0x2c2f494b6d9bfc6175629845247045f0595f0ab34aec6bb7bbd9f0b0385bb0b1
0x367aa6fe32331b906a3aa994fdc417124fc4003e,ISLANDBEARS,Island Bears,,8,10/23/2022 21:37:47,15813544,0xc7fa5aa387c3f5cbc4ac82005243fc45eee450e7f9fc0febcfebd99b6432163e
0xf6b6a78e275cf422590e54554a3055cf38b6b740,APE,Apes,,10,3/5/2023 18:10:47,16763887,0x5070afd1f2bb7839045088e126837cb7b1d62f1d8ef191124c2527575f54e60b
0x7d825e93832cd489b1781e7ac6edf838d3c725bf,FBP,FabulousPunks,,10,7/25/2021 6:27:19,12893835,0xefd296232289d6d643d6e70c0520b1fdceb47a2c8aa95b9c4e9a96e2956a77e5
0x342e01ac9a91086c4e1e1a34b8b83facb053a587,blockv.uk::HHGlobalGiftETH::v1,blockv.uk::HHGlobalGiftETH::v1::InnovationDaysSP2019::v1,,14,7/14/2019 16:33:38,8150277,0xc2fe1411dcce279157c51a8024b38da4a5053aa55cc0113df97e63823fb59007
0x750229c6e70aa4b747b1bba2408436d74465381c,FilmToken,Film,,18,3/4/2018 18:02:36,5196274,0x8865db445e385bc50ea97714b14e11d5842dc9bfd4d3efaaf392325a0fc6fe1e
0xf2c0c7c2a5bccd0a2e69b5aa509edffda4245654,QALT,QAltFi,,20,9/12/2018 9:18:48,6317251,0x313b0360352266267855299e26ef46690bab02362f129443b5732aef07d52dce
0xd2cbca4449adb54ecddb3a65faf204b5e1790c3e,MetaToken,EtherGames,,20,2/20/2018 6:12:19,5122923,0x73ef5fdb3221380c215a10cd09413c2f52a8ee80e7f7b68d7ad8541696617a58
0x5981826896f4915f51bb8214239a99016ab14943,BoredBadGirls,Bored Bad Girls,,20,4/14/2022 13:35:48,14583839,0x07496190292b02d3ea0125ada835b5b55b54168e24d730bf1321ae4a52b77754
0xe4481d036d297e5ad4d7f249fd9e5ee14d6274a9,LLNFT,LeprechaunsLand,,22,12/17/2021 9:54:42,13821966,0x3ad52d757b95a900799b00cb757bda46dc0b95eba10fabb096ffbec11f8ff3bf
0x8b0b4e4e389cd2f1a8b7d91b5c6537efa7f08f12,SGS,cryptosports.top,,28,4/25/2018 7:22:31,5501971,0xdce1922b4cb17fcae1110d1b5be383d09aca0a774958a1ba488f09c283b11263
0x6f9dd559dca1f9df09d810ef699b65b603e44cf9,AP,AuditorParcel,,36,9/9/2018 19:58:42,6301874,0xc7fcec9c8959ff3565b41152e6ebf3bfb1b3121cf64f3251ef4c93a1797608b8
0x87c93f32d239caecfc96545ae10f2cc84ce33ed7,DAO:Degen Apes Club,DAO:Degen Apes Club,,76,4/15/2022 1:37:58,14587057,0x587200513440261e0ec31ddcca6bb48f294e9ce069ed7758e68e63d1036e311d
0x1b05e6557768650c0df0c9377c32c621ac1ccf17,HOUSE,SubPrimeCrypto,,82,1/14/2018 3:33:20,4904924,0x4989031611694e52dcf8bdfc5a10f8f4c18debd6872c40b9cbff3fcd47304ae6
0x4be95a3e69c43e7296c42ae90affa77de9d2876f,,,,90,2/15/2017 6:54:39,3186448,0xa3fd5f8ca0a3ce321c5e43ed9cae36ce3bb6db03ffb92e9ce61cf828bc929b8b
0x2c1fda709e1e0ba628cc99a71827b1f110c0e107,iwastherefortniteapril242020travisscott,I Was There fortnite - april 24 2020 Travis Scott,,101,4/24/2020 17:07:05,9936477,0xa2d39d169f7eb6e8e6244fafb7ddb3ef8218869f1e951bb96741cdff32d2172d
0x30a2fa3c93fb9f93d1efeffd350c6a6bb62ba000,CM,CryptoMotors,,128,11/4/2018 22:37:08,6644514,0x2411cfde0c487b26a39234fc2ce3228eaab0aaab0659873d686d2ec8115a3109
0x102c527714ab7e652630cac7a30abb482b041fd0,KAIJU,CryptoKaiju,,145,11/30/2018 19:39:49,6802211,0x9106025e8eeaa247848bcc43757838399d01f367514a9c89032a133889b327e2
0xc75e132cb0079b1a1109f7fab7aef2c9dd334140,DEFI,DeFi Badge,,154,10/28/2018 20:44:13,6601320,0x78b53a975b4834cfc710ab5190a3dd0aa5f3e3ab10d2f204111275bb805d422b
0xe26b758708f39276f879c0a187d9a789fc26c38e,EE,EtherEstates.io Estate,,177,2/21/2018 9:46:16,5129514,0xb3d76443093348794405c66244a8ff972a7f11dca41c9c935dd91ca1bdb61e5a
0x2d31f0b84f2eede8fb24546ba9843f340c1071f9,EV Boys,EV Boys,,255,5/19/2022 13:24:36,14805201,0x52857f0264987ee8465e1c9bb0812c9726e421d722292692917fdb917e57dc26
0x4df844490006fa8098cce548508956896d6496c2,BestGirls,BestGirls,,639,4/21/2022 4:19:26,14626160,0x1467cfac54c069a051ec0ed5a8033f7e92b8f0dbdb005bdee4f19196e37ccd45
0xaec5cf7fa497c2b27a6f37ee0c817c619b42c03a,GP,GoPony,,659,11/8/2018 5:27:47,6664489,0xea2093ca37662e7617ae96a578cd7dcd73ed9301ec0da4a01bad0f67d793c210
0x18b256fdb020240c8d1cdb97a1b881e3a47bb10f,DPSIX,666 DEGEN PIGZ,,666,4/10/2022 19:03:50,14559682,0x56af5ac54fc8d6e8c2fe3c57494e6cb925610f01c36324d1b1606c4e2139470e
0x6b7557da303597e72ea4c4485d02e5dca2b23ffd,STAT,SmartTrust Asset Token,,1000,4/1/2020 20:44:07,9788240,0x11c92f2a8f2146e947247ff17490a94d6f6c81544cb971058452626173e38d62
0x13dd034ed8eb10775894d5349e196a4611bc83db,,,,1000,8/2/2017 9:44:06,4107403,0x04d0755a643db464b3bcf2ec3202d89eb47f3d5033b7bbd2610bcfdebbe896c7
0xd6f52941938f9f0eedafffb5ff6360b5477f5eeb,iwastherecoachella2019billieeilishsecondedition,I Was There Billie Eilish Second Edition,,1001,4/23/2020 10:32:24,9928242,0xf226b88951fb38a1db480a818f7272e98450cfb699084c0ef890de784ea76181
0xefabe332d31c3982b76f8630a306c960169bd5b3,POGS,Cryptogs,,4514,3/28/2018 16:09:50,5337947,0x9c5644789a3efad8eef66af8f0c286c721e9491d54713cfc90a60e8bda25773c
0xa385563c1b2f7fc1a00b476983fbef53e0a2bd1d,,,,5000,1/17/2019 23:55:23,7084173,0x986787e0131b02b24c55ceac335b0bea644d9c95c0080b99dc298431a8458586
0x94d4a314fc718adfb3e9e25d3e3a984862ec7f1b,FUDFARM,FudFarm,,7777,10/11/2021 2:19:30,13394608,0x1d29f89aa25b26f655a51faceeae2e3bf614e55fbe1eaec63f992a2a4f6732ca
0x10a5f6dbd1f9e56fe09df25b1163cd299d5d2413,ETNT,Ethernauts,,9019,4/24/2018 19:54:01,5499198,0x00389906ab9745252f2c75220b182daf808683e28a46500a2ad52d34f5b63934
0xa56a4f2b9807311ac401c6afba695d3b0c31079d,MONSTERBLOCK,MonsterBlocks,,9507,8/12/2021 16:16:28,13011378,0x4b0785673d313b4852ab3aec4fa4c37712a7118a28c50442b11e7cd7ac42eebd
0xa85a29caeadddc0c0af113fb5ceadc563302983b,,,,10000,5/23/2016 13:54:31,1570342,0xffb5f2d683aefc734301312f18b33fa8d0338977ad1b2dad9317b98259f29e96
0xffdf17652cca46eb98a214cb3e413c8661241e49,CRYB,CryptoBeasties Token,,14567,11/27/2018 8:00:37,6781066,0xd119466c58b0743421ce504f3b8f9606fbf0b1f7a05e95315aa2cc2f7c857e50
0xbb13b668fa4a9cf89c601997355d759b0f7799a9,TLPW,TulipWhiteToken,,800000,2/5/2018 14:20:49,5035620,0x6a260028cdaaf4e92843d205a6f77daf261d95986c3e369a622db9cd4d480d76
0x9e00191b862ee518aadeec821d14afb3191c7846,,,,1000000,9/30/2017 0:43:59,4323310,0x3c8b1145c7ab8c5081eb9da040e1f63dac5fd4658848a70e76a8ce1d97ed9de5
0x18e9da78b93bbe3dcdf74567c0202cb15d90b43f,,,,1000000,9/30/2017 15:24:07,4325023,0xdc4f2d07ef6bc8fd55d0c7d1669fd4a195a02aa14165413aeaaba203b04abd90
0xafca5578f607262d0b97f1dd10043707803f1038,,,,2000000,11/8/2018 13:27:39,6666511,0xe9391af17fe2b9156b5f5c54cd6c20eb2bb9db93501647dedf52b0716531e2a7
0xb18be414d35d03206e1f7524fd46d15d15c16d14,,,,5610438,8/10/2016 20:55:35,2048357,0x18e2c9d903791c5a30762569a80f33b4022ad1f0562e53451c99df1cbbd0a994
0xbc26c5b404e4be80d830adf9c2fac9ac853db2e1,,,,6000000,5/16/2019 3:34:37,7768991,0xe9c32b36c8c196cad25a88bebd1b20a6d5a2c2a474b0e75253e031ebeb85fa38
0x5f99a057d741269885e98c12c58ed80f7168ba2b,,,,21000000,5/16/2017 18:12:21,3717576,0x5836aa37ded7dbd15202208455b1b65cb7c889d67afcdbc590a84711e98afa2a
0x755cebe8cc53c7cb1e1bb641026a17d37d4aea91,,TTS,,84000000,8/15/2019 10:14:16,8354531,0xb96655390011be5354654273b4c3fe6f540ada88ed84e60d7ee5c81546b41931
0x5554e04e76533e1d14c52f05beef6c9d329e1e30,NIO,Autonio,,220466789,11/1/2017 20:46:07,4472303,0xc3f195b8b11bb03aff4c649cff8f1c745d8e70921656b23c95ca0d05e62ffbea
0x9476daee7f6ca4dfc9112ffbb4c7fe891852a3b6,OXO,OXO,,420000000,9/17/2019 2:49:57,8564410,0x9675ace7de3d769dea1773ad299cad1a94238a0aa2a58e90e8825728bd650809
0xca8ce7370e981637945cda630ace6f5994d7efd6,FC,Fornite Coin,,1000000000,6/4/2018 18:30:35,5732213,0x2b0d814cbc58db54dc46460c4dd7dc0bfdaa6074cdc3972610476845f75baa26
0x0b6e83d6cff1f2d6eca989ce7d54c8b2e0936f78,,,,88888000000,1/21/2017 6:03:08,3035273,0xf91096f49373c192d0f32180c4b6d45ca045a95228a78844140cf24574fc9486
0xfc7576387bf6f7bc327d114c40c3b6d43752ebbe,,,,999999000000,8/25/2017 3:46:19,4201044,0xe875c7aeba5c33a865d207bd38054e952876755649796a94b5a5c74f0dd3669a
0x5964be11f7edf01b2ebda2d839a41db7e0ee6251,,,,1000000000000,6/18/2017 11:14:30,3892477,0x1e3ce5579053798db71451ed7008c36f4638dc9b26593da23ef520c5a9b12d08
0xbcb129625ddbb9e67c5704c05d04308bb95bf2d6,VICT,Vital Index Trace Chain,,2100000000000,3/16/2020 16:10:48,9683589,0xb8c193897fbdcfbbaa46b72ac12c4463ea0301b10c0225c9804f64883224f202
0x9b70f6a5fc9a6562602b9309e961cfc5194390c3,,,,5000000000000,1/14/2018 6:25:46,4905601,0x10586db3b48025586c85206936dc77f734f53156d9af503ea647931a2b10c972
0xf63a029abcdbfd7a6382740fac45f5a01c4df098,,,,5000000000000,6/22/2017 0:26:09,3910553,0xaee2d170cedc58392d43add7621a2e344222c4451514953875659716702bd551
0x35aff440840b00c76372d9346e5e48d46506688a,,,,5000000000000,9/26/2017 1:36:05,4311961,0xe13df5ef73b41fcf57bbe44bf6498c330f77fb3c28d4f7b1c5169335ac292348
0x77e1cc20eff121a72921b9830732474edc9325aa,,,,5000000000000,1/6/2018 10:22:36,4863026,0xb291b7b08aa55c898f815590d1b5a36a7923b6706083d504c2bd10861475e56a
0xaf79fb851cca37ba1478a0de0022bd17fdfb84e4,,,,5000000000000,7/24/2017 23:08:58,4069004,0xd597e8330e140ffbe366966d4b538494239410a22a8a6ad59ef92c3cc49d4343
0x8510fbdaa35344866c1bc05911c31260006a1001,,,,5000000000000,7/24/2017 22:41:10,4068911,0xfb447d77618c62bb04677f849fc10cbf38a94667bf397b7dcd6d5399a0c18df2
0x33fce3936386eee29a2ace270036ca8e232c70e8,,,,5000000000000,4/29/2017 15:45:39,3621549,0x3cef5b520d077b8848f9a681fe827ab09cff731af998dacfcd24359c8e9b1c15
0x1454926b2783ba1d5ccccab12a438accaab78e63,,,,5000000000000,4/29/2017 0:15:10,3617872,0xa9dcbd46fc41250ec8f97aa549e5f3325cee7d7f7ca2d344ea2a1d8e7808d5bc
0x6937bf990689779bdda00031638865d698948a88,,,,5000000000000,3/17/2017 6:28:50,3366667,0x51d7d48caaf2c74fda04e842c02866715b7e71bf0c0b3ea91cf3e6caeeff6a5d
0xb777c77bba672ad5409058dcfb16d98d3753ab17,,,,10000000000000,10/18/2017 13:19:53,4383386,0x4124d6fa38a4fbc37a68397295d5f232a00b378c193d27bf429da570b86c3dca
0x53918c93f41a6962af196a0c6d06728fa7e084fe,,,,420000000000000,10/14/2017 17:29:00,4365638,0xcf8d9ab3612a08e5b7886744a8d6666d20b623f56fce115d346fc9c2a9367b58
0xaaa8aceda35afa7ee86963f689ea3266fd572cd4,,Star Company,,1000000000000000,2/4/2019 9:52:12,7172803,0xed4da9112b52a51300a1e2013b3cab4874bf1f9a1b3bef3f25960e8bd4b2fc33
0xdfc93f985e3504392994c6e6e990298649b13e7e,,,,1000000000000000,9/12/2017 7:00:45,4265120,0x45f58794606c816aeac7745819cf9749f9b93db2d54b337227836d0b466fa793
0xf807d512f0601f59710dcf89f3856c2542b4cb8f,,,,1400000000000000,11/27/2016 12:26:01,2703676,0x755b2ba24d216e127514da6cda5f5bcb972187b292bc7f4f09b012c79bdd6068
0xb9dcd958cd7bd1a17c797ab923abd9f41d3d7b53,,,,5000000000000000,7/6/2018 2:26:38,5913290,0xf51ed8ab714030b29c936c3940bb1e9f10cff30624661d9c58af75e581b96a4b
0x4a242b9d6df46de2ca7f219262a0bdf677133f85,,,,5000000000000000,8/23/2017 7:10:42,4193336,0x5a632ce6232aa5133e996df6fcfad18e11b718d8a1de90cc52d5e35fa71cf69a
0x06c0b2d6a547b26de37c761132e1f9707b277ed3,,,,100000000000000000,8/12/2018 17:04:38,6135194,0x34b8d7f59c428aea2e1e059c77cbee1d407be71315e8f7759288ac0294f00838
0xac9942f4d1dbdd3b445c17247c5800e161a6b964,,,,475000000000000000,6/29/2020 7:14:37,10359335,0x941c43f8c74c9dd7b20225bb0bfca1d9775a65c1807af31d7a7c651d4956da30
0xd7f324236c2123d8fd7edb75b0b83dd46cb9ce28,,,,1000000000000000000,9/22/2017 12:38:42,4301690,0xc203d144134d18a1799a76140c8f72eca2c35f24f204e7e821d2a178734b632e
0x19deb2d8516651e3572b547846574874ef4b6354,WOL,Word of love token,,40590000000000000000000,8/17/2018 9:48:10,6163042,0x2c651b23957b2882b572bcdf5a9b3aed4200b20e1099b319f7f618e4c1388dac
0x319635b688da18d1f98f599a9118f55ad505d1cb,DemoÂáåÈúÑ‰πãÂÖâÂêØÂä®,DemoÂáåÈúÑ‰πãÂÖâÂêØÂä®,,100000000000000000000000000,4/11/2020 10:50:18,9850548,0x4af4432d17c592be91643d5d2ea3db098a14ca48b8c35a47273264fb2a57242a
0x80d0cb118f7179c08157c86f8ed416581278bb6a,,,,100000000000000000000000000,3/1/2018 5:44:42,5175549,0x41f5b30285baea990229b1990e18c660df4fdb5e839eedeea2765fd3a060817e
0x3a806a4acee20b8bc987eb1f857a3b1c04f460f7,BTH,Biotheum,,1250000000000000000000000000,7/17/2018 7:52:37,5979436,0x5daa75e6014ac114779f6455f510c495230c18754f00edf04c2ba421222e2abd
0xf18ef338df7770abf0d20d09dff86c7398a91046,,,,3000000000000000000000000000,8/3/2018 6:51:05,6079392,0x97fad721926828687a84dfdcd59d0f39c94ee85d25cb94dc8acc1962d43030ba
0xf5facab958ad4308408948efcf6363b70100c194,,,,100000000000000000000000000000000,8/3/2020 12:37:23,10586813,0x1adab9c5ff4c45219148a2a26147b6a979faf7e3a0a7357c1004adb5300d44ae
0x05c798aff519840a31fe5e62aada57cf6c8a809d,,,,115792089237316195423570985008687907853269984665640564039457584007913129639935,6/9/2023 8:42:35,17441562,0xeb4ab43475479115420f6fab0455903c63f38c4fee174732d4cac01ac71f4857
0xdff14d8eea930a3b2bc472c50217030d7eaa4d02,,,0,0,4/25/2023 19:04:11,17125232,0x109bfb3a45410aa1d0b5afa1d79fd478a8db87f15befcdf2583ce5cb9d7ac9e8
0x600a87cad73e77ec8e5c6f0934d80b0901e41b32,AAPL,Apple,0,0,4/17/2018 17:11:27,5457893,0xbc45c89cb8c03cbf2ccf7282618d1702a643bb68f4bc1c4766be9f7b0fd15340
0x1983040ff529183deeab88dc0d4629da14b44ed1,,,0,0,8/17/2018 7:28:00,6162455,0x632b7c44889a1479473ce684c46b98b495d28021c7680c60adf444e1b75959e2
0x28b41c257a414c5adf149ae3022e93e7c038a8d8,,,0,0,6/24/2018 10:18:23,5845480,0x42f0f863773a41b452bb79a77c999d3eed53a5bf50cf2519bba1b847457aa4eb
0xeeafe6e52ee39afa67f931074b866ef67c3999cb,,,0,0,10/22/2020 2:44:07,11103367,0x90edabad9acc02140f34c041d5e229fc231edca4c96cba9aa1d5197ab7073197
0xa4facf9b199c3dcaaa466f334409e55731750d92,,,0,0,5/18/2018 0:46:22,5632164,0x5750baec92e7022ac6f9a6594db252178de811e5808927249461567f73c2d1f5
0x40184d4c6e082a1436ca5faa777af4c476a96db4,PPMT,PpsiMaxToken,0,0,7/23/2017 11:03:57,4062016,0x45f2dbd4e5ed0987f8f14eb8e297cd7845e5209b06444697bcb0cd8de1a428f1
0xcc46eba13c93a1d08f11fabcfa56f024f1612fae,Hdcoin,Hide,0,0,5/12/2018 1:46:23,5598176,0xf199f27d48de8e358ab4b26bdb819c787b78d010ed6789b5e93175dbce917378
0x1d0f9801f82c3416358be6700b2ff6df2c2aac5d,JUN,TakeJunIchiro,0,0,12/28/2017 3:27:24,4810189,0xb29517bd692f513c8567e3dc77df04c56057aed2c11fc2fe3eec45b5c5d9e04a
0x2396e34b1d0ffc3ab66c1a2bb138490c11fdc383,,,0,0,1/12/2018 5:50:57,4894589,0xfdf498245c8cae19ac56b6fc4b9f6d61b51d1f1c990cee0b48d03cb2d406380e
0x2e779fcc2bf6bdd73df16990a2072707678dfebb,,,0,0,1/25/2019 20:14:55,7125596,0xca1ab32bf4e1e4253824cd75f3b9eecefdc1b77f2934e15abd4abf62e8ca151b
0x754576ce01dd1c78101bc330de91bac04f10b8c5,Aethia/Toy/Rock,Rock,0,0,4/9/2018 4:56:42,5407325,0x11a424335287f1e9a7599abdb18d616eb7538dcab19ed7e526e4544c4ba9c02b
0x36c5bb87273b0960a688a7e87c27ecd586e93853,BOOK_JDBHTALLOMCN,"BOOK Token Backbone: History, Traditions, and Leadership Lessons of Marine Corps NCOs",0,0,11/20/2018 14:27:41,6740024,0xa1ca70f24859d413df686b8c2ca884e0ba986f41b58c2fea2ae3c94f4f752c4f
0x3365845e915fb3ba57d8901de971ae9ec8223d90,CRS,Crypto Sprites,0,0,2/4/2018 8:14:17,5028088,0x5b4e370900d64d810877c15c319087e1f7a76ab52a47790a369edfa82cc1b25c
0xce083f30f3bf4f5f546931e3d910daf54498ae5a,,,0,0,9/10/2018 19:45:26,6307833,0xf149759c9a01baf257659da33a38b28d52a4accbb1fb250e5155af7557ee1a96
0x477963ea0b297538952fc275e61971848c8db0c1,CRT_CORN,CryptoRancho Corn,0,0,6/3/2018 19:18:27,5726758,0x102bacf0e717806e726c66563b5573ebefd5529009415fa4a229889887d95ab2
0x5152badef0416584ab20685b989092366d590d37,,,0,0,6/26/2017 4:47:53,3931187,0x80a5bf845ed437654a79c6343e3728bd5aa5cb0e038f7e77ae11b96325134baa
0x4deef13f4813e5727b6eb15e1b8bf00102177f03,,,0,0,5/9/2018 5:18:56,5581877,0x9a02aa7feacda1a53452dae926bf5ab109ed6f7fed570d34a518495892d58759
0x8d64d18c756bb16d091a9b3d19a8c1b6d16eb99d,,,0,0,9/10/2018 19:10:32,6307674,0x786d67ede1a47aed746d48e8f4bc1c61ceba355f271ba219da0985e202795a33
0xa2b304974b50ec649b442e79fdeb319cd807c705,,,0,0,8/28/2020 22:57:33,10751997,0xe1f06a987a2c60cbdfff6f6d66ddae2982903dcd6377393ea46eb96c79f420ed
0x6dfbe3963e791c3e9fefb34e131cc23d27a739dd,,,0,0,3/14/2018 18:25:48,5255182,0x3b2f2b47b66b1805a051963fb32b483ca75b1410abc42c8cffa364d3607242c9
0xaa4285599a51fb5082f79699b21becf8e727792a,,,0,0,9/8/2017 2:04:52,4250090,0xb903700b37af6418ab5a02a1b224a273b4e333c78094b8350cf8d9156f831244
0x8a204aec8fbafc95a9a82d2edb5bb12cb53469c3,ERT,Early Retirement token,0,0,2/3/2018 13:38:09,5023499,0x0eb787c815f4a445ec6de747a5d89a9c72a175bd7795d40cb07297c9e448e07c
0x286ca3a08bb101f142dd459d09379428c3bb9dfe,ü¶Ñ,Unicorns,0,0,2/11/2016 18:15:36,988943,0x497cc87a2637b776461774d0980900b12cb047d03c76bab41a2d2ac61d05ab6c
0xd484775173c83a9fee45168e4a2a9ef8b7801027,CTY,CityCoin,0,0,10/31/2018 20:54:55,6619720,0xd61f2b61e648e2acfd66b0dfdd6f2c3043171110b1873fcddde93ade0e3bac46
0x3bfa15917a28e5cf0f6907786e306ac6f3a18d2a,,,0,0,5/15/2017 1:34:45,3708403,0x1c8111ba193478ad7e95ec597658b274f093d47270d1b934e0d9062838967283
0xd781aa0cd4aa1afed95381e50dc2aa31e86594fc,,,0,0,4/3/2018 17:42:53,5374304,0x4f8682c0578d25539b16fb95695cc23e0852f60bdbed9e3aec16cb91adf9a6cb
0x41d2040c0a6ee013af5e9d81d77bd653042f5d0b,,,0,0,10/23/2018 8:24:35,6567586,0x7a3993badf8a6471ee28ebe1fce9806c7d50013d206540a35ebcb7bd1d707d00
0xd847fb31995f22f1f61c53fd39a427c5a4bd8e02,,,0,0,5/16/2018 7:36:45,5622394,0xe31aaf1dff29c5a56c6d6c8b157141598023bbac2eba66ea774ebd042645c537
0xacc538b89f80fa3a87886d9e84b50d88582bd79e,,,0,0,2/27/2018 15:36:21,5166154,0x4922e5734c5b88f68a45824925f4db2e970934f9c5e4106fbca9dca5b97ea1a8
0xf2f6653bdbc501b35614194f9babc59c3d5f62c2,,,0,0,12/10/2019 16:57:49,9084170,0xf576fe155b08101f09a79b26810fe70817ea7b1652b293e15125b4c34930dda5
0x676aa8fd98a0137d141ae23c74de4c6cebb10457,,,0,0,11/7/2020 18:08:13,11211835,0x55d141a1776e7670058616913ace8bf4f0b48e6e2f697687f8e7cb2d65d06d83
0xb9306ed479daf5f8ef0219fbd23215ef648f03d6,,,0,0,5/30/2018 15:08:28,5703221,0x4f0f8946bf6571b87eacc3b3b20e31225b4d2930f95faeb01e4be7ca7de70ced
0xdd91dd5e1dbe8038c7bdb419f1d2256d645fad64,,,0,0,6/7/2019 5:52:56,7910289,0x75d1afc99c9b7d5a3e2a9140fb841ce70a05ace79475577b47670ab40d707fae
0x619cf823728c23909c13ff6d36de9458996b3fbf,,,0,0,6/21/2019 0:40:57,7998337,0xca1d0336e3d3e79cd2dd0af0404fba2067e0656eb8ad9ee3ad2988cb928444d4
0xfee8b2e97868b2436e5df830d64203ddd8a8b4f1,,,0,0,7/22/2019 18:33:43,8202098,0x57a3291cc12b129ba158d6735a6744634e41d06932adc4809040566966af4141
0x99471069dc4ced9fa73ce7f5985d1132d0ec520d,,,0,0,2/27/2018 15:43:01,5166187,0x37f7a5b6d4df8fab2790764cc8f65fffa59d752b5c34a7bf613a6e3d79ae228f
0xcae303472480c7759806832c4b7e54cb6248b739,,,0,0,9/19/2018 17:27:06,6361706,0x1d5c3500cc9e309b29547aeffe3343337e9f3e65a7f910356234e370a64cf3b9
0x7e5ee77a57cbb26d7db80d2e8d30478698483b93,SLOT,Slot Ticket,0,0,9/17/2017 13:13:00,4283991,0xabf011969b280e41cc2a5a0edd25b31e99b4da4a2047698a487632383e603881
0x0eddb26ef7327aae7f4571466dc46e7526391d30,CRT_CARROT,CryptoRancho Carrot,0,0,6/3/2018 19:53:40,5726903,0xe35782ee06de04a1b4930f6ef7d055dd2e8f28744068d7dcee2f40737c53ca16
0x1ed5c6c90f7120a0fb3abd3785c80ddc6ff50d63,PUST9,UST Put Option,0,0,8/26/2018 4:28:05,6214987,0x67179b5fa1e7b8b0d4a7660c033699c7514080760583b071334e77afc3fa4461
0x513b1d1fdcf9e72a69e2721a03688173b0b22121,BtV,Mharra Ezen,0,0,11/23/2018 16:55:57,6758890,0x1d060828bbafe54972c85babe1d4baf557c5dc7d2b1efa35a013a224be003b0c
0x4b0e495153eeda7e40c3fe00a1cafc172f5fbce8,,,0,0,3/19/2018 21:57:24,5285604,0xc7790a2383235c0ac41c321dc0be8bd5cc6b0af746335f01c4a065f308ee804e
0x1831b818da8e60083c50fc037d315108c757145e,,,0,0,2/3/2018 15:30:23,5023966,0xb350b6fb77d14195e84e5bed07790edc97755e589e27dc564093fa94158579a2
0x4a4c56c3202cb7a6a051eb77a6a3e8e53769be58,,,0,0,1/4/2021 17:49:35,11589466,0xab28c1b4824e707e7810f413dd3d69549d27ba2653dfbc869efefa81175c228c
0xcfdbaef6cb70cbbeee607b9e74b4fc141bb8d99e,,,0,0,6/26/2018 0:03:09,5854517,0xe9faacb78edb529e2a06a22dbc7377e2ecd88257a4861f5605fd0ab7da0b2792
0xf492de48276274b707d8d9f3345a8fc41559d49e,TTV,Test V Token,0,0,6/18/2019 20:39:10,7984482,0x425f3e07e8b49d5f074582a3b1df0d8eaa9154496e032df75098989d7b0cabf6
0x67c6cd1e2d4e46c1e04d60a720aa5959f131e0f2,,,0,0,5/10/2018 15:18:21,5589924,0x80858b4f90a8837541de2789f55191c9cf14fbe33332101ec79ebf259dc89197
0x48dd5e03471aecfbcb4e84a02f9b9ef898607807,,,0,0,7/28/2018 20:56:47,6047282,0xfd6b4542cd61d24481e05f3575f9d81aa591e1bb9625479fc804cb1cf9befff6
0x74bebf837b02f7c333e16e1413c1f0b1ea75a2aa,,,0,0,2/7/2018 6:19:21,5045495,0x0293f0124e52ff5797e46f9ed7403190119cb6d0962d8c419fb624ee31091c34
0x73a37f5a09d8136a527058c43de730f94a4e6342,,,0,0,9/25/2018 16:07:42,6397791,0x2c264f776482c27dff2879d159fd16b12023fbb337c2350f0636b2d30c475a15
0xa70fcbbdd2b506414015f240d89f3e5018e0df3d,,,0,0,1/24/2018 8:18:46,4963023,0x3e5455b75c54ae19b6af12a05eafbcecd4b6bceb71b945dddf04d79820ee80e5
0x6b1a74a3a6264f9184c75d372e91de862cb1a5e6,PEAK,Peak Network Token,0,0,7/18/2019 13:35:43,8175012,0xeb52d9a9f5db557bdfe15234d7e38cd4b06586528afb75142f4f07837b31d57e
0xb3c33b51084ef38ed70d34ebb990e5d83cf35683,paccio,carpacciocoin,0,0,1/1/2018 12:14:57,4835769,0x51eee546d0d5ccf9ac473fa0572ce965ee928831c3a76e699158afe3b1ec6f2b
0x08c8fd266ff2afa795489ffe251a66980bc5220d,,,0,0,4/12/2019 7:20:11,7551760,0xd2a1445f1fd110eb1ff980ddcce81146e4f9625eb3efc326d4d4e5884594163c
0x027dbca046ca156de9622cd1e2d907d375e53aa7,,,0,0,4/1/2020 20:48:46,9788258,0x0a737d9a079f4baec219271d49331751a287b64d61ec79c2428489781468aa99
0x6cd316d45e19cb388ded50afa1f21686afd4d3fc,READ_MMB,READ Token My book,0,0,6/21/2018 21:00:42,5830480,0x83881c4eafb3084ef15a1d5767d20a720a6eea863b54d9ef6c757a7fb3dd335c
0xeb66ef5952e6ff773decdacc737b594414c258a3,,,0,0,1/16/2019 15:03:02,7076503,0x9931129438af2db81881f67d0810d98c919f9b958c93f0e31fd4b32fd295f5c1
0xbb1635319e09df0c4046d1ade03c3cfda1af3030,,,0,0,2/4/2017 5:46:34,3119644,0x683055c938a989aef205b5d56467d9ce68de61bdad68b8a9c8e297176e56b344
0xd3c811b9e20d989c31593c53540595f39f7564b0,SWR,Swarm City Provider Rep,0,0,10/16/2017 13:34:36,4371386,0x3c3da2e3d9515db5d002f0da829d057212536504ee3042309a7fd9f32eee69d8
0xe888be349add6a4d2ba3cbf5bbf35e154b433792,,,0,0,2/5/2018 8:41:30,5034236,0x29cd8d06be23e1c7b27b65c6d098a7abd19ef57b331b231a65c1c93cabd7261a
0xc5627c37d8ed05b8a3b8ab46b2b3358532b1262c,,,0,0,9/12/2018 10:38:51,6317624,0x9f540cda9bbf3669212434327115278a40ffab730da39ee9be28499082d52219
0x67243b831c420b0faa8eaf0a62c5ea93ddee4c40,CRT_WOOL,CryptoRancho Wool,0,0,6/4/2018 23:26:11,5733393,0xae843b735b8da9f318b813b6a2b84789d1891d088510400994c9cd5e920b0eb6
0xf13bd7b658d2bce7417ace8e7056bba02a490d4a,,,0,0,4/17/2018 8:37:35,5455864,0xc465ce83e0a0e8f1cd35489ac3501caa1de68a3dcfd42cff0be8c025145fcb13
0x948a8b625a295a7a0e368dca7f0c65f9616e72de,,,0,0,5/28/2017 9:24:56,3780892,0xe61b0e152155a8ec54ce633dddeb4b94a92217449e06063eb0e769191acf1840
0xd7d08be825a752f3e0ebbffcda2de5bcf9b67578,,,0,0,10/27/2020 11:36:26,11138373,0x0d9d1a335cb9f91a629fb9070076c3d842b529a39ed969e3d9ae873d088e1443
0x5ef38b6792b25a94080c01b1b0ba73098b8f7e7f,,,0,0,8/19/2018 20:45:51,6177548,0x9b539fb6a7aa65837ce6f497f2b0f02cdb2cb3cbaa851ec4d7cc3cf1d2c28a53
0x5dfa6a06d29d98596883c83c41a5c6a0c02ba6e7,FEE,FeeToken,0,0,7/8/2018 6:22:25,5925861,0xad6ee759e4a5e684da7eb77c46e0ab0f1d1aa8bc913c4acbe7ab7a795727f89d
0xa6c0be803b0771ddd0c80cdc974952432ba7af08,,,0,0,2/22/2018 16:59:51,5137236,0x4d0780011b7152b0bb95b39612d2e5a974c3a113ab4d65ea9876a67d38367565
0x5e533a3dac57826aadb3c89aadc674c8319294e8,,,0,0,4/10/2018 17:50:08,5416627,0x4851fda09bfe7fd2987389eeb2541ed8d4cf3b8f9e38c36f8cb5c85fadb6caae
0xf6162b67fcd16723530c0b3ec01c6faa032269fa,,,0,0,4/29/2018 23:04:52,5528916,0x97e9a9b0175f5e6abfbb769f781746dc82611f355cbbd9d2e255ff0e0ac400b0
0xc4085d29da6c41845058e1031ae249a407e7f162,TEST,TEST,0,0,12/6/2017 2:35:27,4682973,0xa9a7a97b8e9250f1ea32d1f0314583e48210843d56fce5c796bbbc4daa5be9a3
0x3c0c017f77bfd52f8bf923a92f7be6e38380762c,,,0,0,8/22/2017 21:11:44,4191587,0xc42208ae8e5ec5880d9ce5e06c0fc4dc748ae226bec34d347ac0e7689392b530
0xed40aa14b70bdb41fed427709dde71608e52e139,,,0,0,1/26/2019 23:29:01,7131372,0x08b3263aadbfaa1e5d507d11b91ca87d0956c7c7fb74af3f8b5856ea2354ac8f
0x2664a0868ef457ce5ea1205d188dbe28d40b0db4,,,0,0,1/19/2018 2:40:17,4932428,0xbb48958469a484a7abcab5f6b0b6e7b82ec90ba50704beff62905526eb1a74fb
0xae0d36e36c4a85cd59208d0c71c8834c6b6119c1,BAH,BuyAHash,0,0,9/22/2017 14:05:13,4301872,0xfca6fa2890294b2f8d6a044deecdab089e941dcf45ca36f62e66b1bf6634bf64
0x84aeb2faa5c84aebeaedcb7868d036aeeea721b4,OZWS,OZ Workshop,0,0,2/16/2018 17:24:01,5101881,0x913c43e7389a6c5aa873c9143ce7ad7f81c1a6121fb5bc2be2c6a3342c76e71b
0x2e48d487d9755c40f64c1547a4121fae0e764805,,,0,0,11/10/2018 20:52:30,6680606,0x6d4bddbf418993f5dd82fda737e8da763480d7623ec886bce3bf7b1c19c96153
0xba093f30a05fb6aa8902c27063b212099d8310d0,NZM,NOZOMI,0,0,12/24/2018 3:13:08,6941999,0xee7c3a7abc441fb84aeecd379214be15c9d7b71162394be4abfe35b507e9e9a9
0xcdcbb3141ba128ec38ffef245878a3b88109e3b7,BOOK_KLCPUTLOATTFAPIVE,BOOK Token Chronic Pleasure: Use the Law of Attraction to Transform Fatigue and Pain into Vibrant Energy,0,0,9/30/2019 16:48:42,8651237,0xf35fc7a15e623a92fb2814691ee0dd4e26a7e71e4224697b2fbab9dccc5a05a7
0x5b8df7edf9f6f9e18075ff8f7333d4fd7b82e5d4,,,0,0,9/8/2018 4:47:30,6292247,0x0ba373ebb58fe9e4b06e3a996f92dc012f181e3b14a1ddcbab9609f061e24247
0x30cebc6524f2a479047507fed7188a6e9f4633e7,,,0,0,6/29/2017 13:29:07,3947919,0x64de8955a3d8068196efac4aee996b6093d922d350af1d5cd253f31907c1bbea
0x0f2c3622fbec16ec8b2c4eb1f973cd4946dbafa6,,,0,0,1/26/2018 20:18:15,4977829,0xbff4116f2c29d6bcab29b46408cd782871ced8d39e9bcaaa8959dca940495def
0x45491d68833b573fb7a9126b652946c97807eac6,ƒå,Clams,0,0,10/3/2016 21:45:58,2374826,0xf1c7fb5837c112f544597c8c1a297c99323b5b8e0232dec34fa52d1e8db19390
0x9d36bdcfa2ae98010d5b0483963a1c03106803e2,,,0,0,9/11/2017 18:50:33,4263294,0xc1869aa0ff489ec4e86a4aba16c1c573fbac36ae776fdd0c31e5154d6e65058a
0x8a8a507d44985b1a884b784da551e22c7a6fd901,,,0,0,5/17/2018 2:17:14,5626807,0x2861b1c76484c61915f934314cb279ee960427d976b78cdaa030248f4dc2e4a8
0x24c9a040a9b8f4fde5fd521390064204634bf297,,,0,0,8/8/2017 17:26:06,4132977,0xbeb8eb688f89e95a662f452af12cb76172e4defa3fdb3a4461de1c78bdd4c588
0x1c429fc6536b9e47a5998d8ea3585d28762a7cca,,,0,0,10/8/2018 11:31:44,6476310,0x68b102d735bf66f99c150bb272e791fce544b11a8ce8a8440bc35eddfe683a46
0x9647e2fcd7a413077746971e44d4b91637158772,,,0,0,1/18/2019 14:44:49,7087621,0xa1a6d29df046fd9ffcf3c80c01fdd1b8ca39e8a272c5a60a0fe71bf0e8d1a47c
0x80c809c0eb0df30989a8c21913206c3fbaa5b55c,,,0,0,9/5/2020 15:53:28,10802338,0x5da82e35250a6afc4095abc424f4a33e386a7234398f684f40b52caef4416ecd
0xa99f0a9af216193d3aeb400e608f7f98267aa84f,CM,CM - 1C548556,0,1,8/4/2019 21:56:55,8286756,0x52d3203d114764774bf2e6a494a346be2aa1061497093757fcda0864515dc0f5
0xf0b1b16717cbd5d372a335f3af382fc9455d9af5,TKTN,TOKITTOKEN,0,1,11/23/2022 19:29:47,16034784,0x8618270e95901355363f233cb03617df8533182c1ef37e8b77960f2481b45974
0x6390d6e16a097cc899fb6ee72ea0dd67267e6415,M,MHIMG1-20/30M20,0,1,8/14/2019 9:19:56,8347797,0xa49614d9eb25cddb8f92f1f3a1d2e2a772b71829f73abc67fc84e52825857268
0x2eea2fd525e6428c26a4feed3369da29e56d510a,READ_JCSWDYDV2,READ Token So What Do YOU Do? Vol 2,0,1,7/26/2018 8:29:17,6032412,0xb4b43f2673cfdf07e6390d84b4b97b37d2b967ac0b25c2e3e2c20a5237a14965
0x2c962766dd092502e99a8ccf1b6819d0542928dc,,L.A. REFLECTIONS,0,1,2/25/2019 22:25:37,7267661,0x211f9e699a946f026a6c61b6bf0090dd06eae22fe0e717e9aad66b17e205e5a7
0x9edead6f10a4ca87b17ee679f931ea96dfecf7b2,JH,Joel Hanley,0,1,12/30/2019 13:33:31,9186059,0xed94a325d64dc31415da3389da8c3b95bc71f0cce1e0bea864a01262be3e7e3e
0x5e970538e84d4572531fbe219e294aa12ac7bd5c,BELLA,BELLA,0,1,4/17/2019 18:05:49,7586799,0x5f8b7e0abf42d4a896bc76ce926f315a7c1bf8ddd50e5effdcb9cb59a189d247
0xf2ced95e9c4c02ed0308965dc7c08c8a496c59e1,VR,Victor Rask,0,1,12/30/2019 11:10:40,9185576,0x8aef5ba9fc294b9cbb15eb1398b8543f7a58e1d17dae002e6c366c74649bfd3e
0xceb4fc2754f96d96ee00f68feab85270c28bca36,SA,Sebastian Aho,0,1,12/31/2019 16:23:55,9191683,0x74938ae5f37910e73635e187b6e561d7293225d761c5a284e5c3d001600f806a
0x265e91e1d67d277bbbf4861f9db849e3ba105777,DL,Dylan Larkin,0,1,12/29/2019 0:59:08,9178419,0xfc18572fa7aff805a49caae5e452fbec35c6f4ff397bee242fc712a4a9e3a452
0xacc6db4839d1cd896b7490ecd709ed94c589cbfa,REV,Residual Value,0,1,6/25/2018 8:07:31,5850734,0xe52e9d0b705670d0b18f9eea92b8713a15e0a7b2881a78b83f4303b23f9acd48
0x5c970e0d28caf9920bcf32fb729329380d870f7a,MP,Mathieu Perreault,0,1,12/29/2019 21:01:39,9182625,0xf4056ed15b9544c9d2275f628c2cbe38b5e51b8c3b652387a26fa80463b29af5
0xb4498a629b085425d37609c4db673f46b50fc5d6,CB,Christoph Bertschy,0,1,12/31/2019 4:09:28,9189142,0x1cf3d8c1785598ef7f02f990c7986b24363bb35cb7bd17bf6a02db6b2a9ba461
0x898a5e5124b305345727f0241f0d8e46b11f2095,JB,Jay Beagle,0,1,12/30/2019 5:12:17,9184344,0x054141f601aa5d0edfebfc2476c56899f1514fcf80540dae7e6fe17bd5b7d28c
0x6f867736a60d17a0b6d006be15661dd2497ee215,TESTRLD,TESTRLD,0,1,8/4/2017 9:38:48,4115410,0x4c0092e59745e5eeb8e1be705f24d45dfc23659aacc5293dd606b05e34efb36a
0x381f6912845250e2ede786a12e73ce9294dbd252,CM,CM - 2B572514        ,0,1,10/4/2019 3:09:01,8673163,0xe801f3ec2a0c02d75c55ae06723e6563f2ac2cc21ff44de8198da782a20a92d9
0xe9d2b94c9af19ffb07fe8683b907d824c8116734,JS,Jordan Schroeder,0,1,12/31/2019 0:06:24,9188296,0x155b40f75b7941b731bc8499ccdc9a35771fde674862880eb81cd74ec99e652a
0x7d151836ffb7afdd1dea514f636d2703811ad75a,DN,Darnell Nurse,0,1,12/29/2019 6:36:59,9179629,0x473738e680984c311d0d2cfa266d88f37f385ddfd93136ed78e86cf8fcc036e5
0xcfcca85e634d7da9c37737dfe2fc92d8f190d1b8,JE,Joel Edmundson,0,1,12/29/2019 4:38:38,9179215,0xfb6bc0e73ae88e577fcbcbf404ceff9bb2ea953844dbfadc35e639d05783f318
0x7e9f01dec9df70785422ed8f49ce4236448f485d,SW,Sean Walker,0,1,12/29/2019 9:56:18,9180289,0xa785eeeea574272698d17fdf2d3937d4ebdcd09080338cc9b96422cf03dee8b4
0xbfdb609d91d112dcfcca38f692310764b14309d7,MB,Madison Bowey,0,1,12/29/2019 22:56:09,9183016,0x73fa4de53d3d322a83e2a1259a74f07fa9cf44746b8f486620c33b129a67c0b7
0x6aba76550ddb5869870d1086065174cc7c83392d,MH,Matt Hunwick,0,1,12/31/2019 3:49:02,9189080,0x2831c565e7c66bcb79845fbf90f1323c6da5884f8d190e3f121a30b97ac06771
0x36d170185f9e39dd26bd4c8abca4a2ccb4e7e4af,GM,Greg McKegg,0,1,12/30/2019 15:13:08,9186424,0x246ccc5b43779df9822dacb0303d3c475155eaa0c098811c265fcb19d1ee06a8
0xa695c15a9e04f16d4927e6c834c4573682b34b25,AWST,AWS Test Token,0,1,4/11/2018 8:43:39,5420349,0x6d7401e68f485d2670aff68e7f1c0fa8a133cf3aa2420ee7f4ac22f6fd22d70e
0x71f7c1a69fd4809db09f21bdb539c99865dadada,TT,Testtt  Testerrr,0,1,1/14/2020 16:35:15,9280265,0x7aa1f09517d33e8c1fd59288a501ded40ce275f989c33d14fe6af024134f6e10
0x31467cb6bb2bff06e2232f25fff0de83f28a22c3,BST,Brown Shark Token,0,1,4/17/2022 20:17:39,14604856,0xcf41ea6c7ab59795f1ed1399b221cb7633461214cf5ff830b1aba0a8fd784175
0xab72fb23c5143d0dfb2ecbbb597058b4989f1ebc,,1811 BA01,0,1,12/19/2018 21:17:11,6917059,0x2c5585c735e077d5143ee720af6e47a20a62f54757de0d60e38bf64b1db97828
0xd887035647b4506d6e7febfdd303ad0af15568b3,MH,Martin Hanzal,0,1,12/31/2019 0:23:19,9188352,0x843e9ae247166c6ef5a2f1dd0718201ff7159fc8152561ed36d82bac985a555d
0x15ab24d3f5256d1c90ba2808024a0bcbcb113e78,TB,Tobias Bjornfot,0,1,12/30/2019 21:04:37,9187655,0x5a235c6ca6e33ca735ce00f9a17ff79e46506e5072cdc8876dac2c42d9ec6602
0x20b2957a2175dfc95ca2e0a4abe3e9f2581c6a34,SLICE,ABC,0,1,5/19/2019 20:40:24,7792739,0x8c4bfd7009334547de10ec158b34c6feffbfb4f46a0920fd67efe645dd29c556
0x1a0b3b603f650b2c4f474f0e817091874020ef38,CM,CM - 0R802996,0,1,8/4/2019 21:19:19,8286588,0xb7655cf0a7e1a2ab3f17f156d0e9175484b5b6a0c6c2409454d9b597b2d8329c
0x6ad487785d2a7b32ccc22c88642f09f2d68c1f38,OCT,Odyssean Council Token,0,1,3/18/2020 1:30:23,9692613,0x9d326c2dbdf1309d28ddafb7eeb1138888f1df0994fe3c784f0d11b6d7af40c9
0x3ec47c6435067b7c8929eaf9b7ef468e1a795c92,AW,Alexander Wennberg,0,1,12/29/2019 17:23:18,9181873,0x00d123c5f183fdb12f480067964ed91d010476809d9480bce63c500c97ea1592
0x8bdcfda5ffe3a2886af79814a6168d712ea1f38c,SS,Steven Stamkos,0,1,12/29/2019 5:06:55,9179305,0x42349a23dddaf3dec961260eefe52c45ca96f92acf876fa7bb623b46ecf24345
0xfb3909c720516acfa0cff103ba228c3f2c5a815b,M,MKIMG1-21/30M51,0,1,8/13/2019 21:55:25,8344722,0xebbb8af1ae353d198440696a5058c8cea5f3fcbe014d5ef325b8d3afe69b8bf9
0x83a91334a14b312702e92bafd5b457d91573ac4f,VH,Ville Heinola,0,1,12/30/2019 0:28:47,9183363,0xe4c2abd77ac7f4443d099355dbb9c41f83f67aece95cfb14ee17865825c25840
0x62fed4ba942a6dae77ea3ce944af303911874bf3,LU,Linus Ullmark,0,1,1/26/2020 22:06:30,9360067,0x17927191c85039a3b6bba3498ba1462ca32fba510722763d9c48c913a8568386
0x65be861ca94ac4442d96f124ac2b31710086b5ca,TIE,take it easy ,0,1,6/24/2020 3:02:23,10325940,0x9f84ee9c79ec506645cdebfaaa2c2382b016ba451f83f9161d2e1bbc19baab1e
0x0d942afd2f8df772400f34602723327710e8a0ed,CC,Connor Carrick,0,1,12/30/2019 17:01:41,9186801,0x87d07c526ad9af4aaf8a486732683f5ebcd942faf985a6fb5f2021c7803cb96c
0x9a7230c2a34f19728052b5af79feb3c895964d27,DS,David Savard,0,1,12/30/2019 3:59:32,9184076,0x1c26e3a789dadb6eaca8b9bf5b8f4ab750a7c67fed26f0fce2b69d840f828b7a
0x6cbd6a5430baf1957e0fcf78587e38361c22c67b,CRAIC,CRAIC,0,1,6/21/2018 16:35:40,5829401,0xfa7dc74dd96b6ae9496bd2dbe7c4b0ec15699b13664e078cbf4a1f4b6b22d779
0xb28904801c3dd4019f29775305858769e420e045,,MonaLines,0,1,9/13/2019 17:06:56,8542530,0x4cac05b4498c11a01ce3fc70708b146f2b9465e746a5d24e384f7fd50e037cb9
0xc6fdb24eb0a43f5570d56e98e473ca44531fac53,item-6,item-6,0,1,8/6/2018 8:25:32,6097613,0x8b39b0be9095342582342f6318f676e5e6eb4e3560058987b7b0e3ccd406bbe1
0xd9659676d6f35e124290b60009ba3dd410708455,SON,True Wealth Partners,0,1,10/5/2019 6:51:51,8680556,0x0f0003c5286614ad9d18c66a1369d80bcc5e1f1574ebfb8f528288062c363fe4
0x3f4c4e3fc8d607ccb1f20b18fa07623cda3df41a,MS11,M. Salah,0,1,6/12/2018 16:41:03,5776899,0xda8e748ae4c3b807112d0c259656ed03c8587cf2394c4e71bfaa0ac65094ccfb
0x33ca50db37f83616019d8ed0236e33d6f836a064,BRS,Bamboo Relay Shares,0,2,11/5/2018 10:18:56,6647446,0x0b3e6edd04e660af33e9d986fe32846fcc31ea908e9545c2bd67922c3b059eb8
0x5634ca5fc5107b1c10fb77a9e77bf556fdaf9e50,,Autumn forest,0,2,12/17/2019 17:03:01,9121549,0x428de103b2d0842bc71777621000fc403024bac52cc09d08843d110ad8c2ee93
0x3219f84abf3b4d26c1471b5451f1e417c7c7a8da,ZEZ,ZERO,0,2,12/12/2021 4:11:17,13788088,0xd3b35b801e9733ad342b37151a9ed8c042c737b523d3156a195c7fe93176a511
0xd97ff28fdda849380ab8d87ae3d5dfa81bd8fd05,JDAO,Jeff DAO,0,2,12/21/2020 0:28:14,11493502,0xf36f2cf2ba499766320e689df06cdded2cd085aa653d408771a857b27ea6124c
0x08de24878b36e0aab486312122ea75b3afc23714,,1908 MA01,0,3,8/20/2019 21:17:23,8389602,0x052f961e0a67907bbf3b9133e6ea2b0f190c11d9be50fa89ec93e72fddbf71d4
0xb08b5a9e4c515d79feccb549d58c11e5eb71561d,RCT,Ryhope Community Token,0,3,10/30/2018 12:20:05,6611407,0xb1f2c4ed2c0144000210429498b742ee1729b330e46fb4091d6fa9e27eb5cc26
0xeff519f8c856c5a8ee7fae9aa45f5abac81e01e2,ICT75,ICT75,0,3,5/27/2018 1:43:55,5683128,0x1162f0d11a60059c6de9d5b53656cd7bce42a5464e0c38167a73d6580c14d978
0xe67db612172a9d4af01741d9b3ffaf6cf9aa77c6,SC,Seed Casing,0,4,12/25/2019 19:30:22,9162204,0xbeae32d223898c23be776a2ac9e89624fe3a4b5d2ff1e9317bad97180f3ae20e
0x8a4472ac1b6a5858668345b1408af850129758ea,NBT,Nashville Beer Token,0,4,11/14/2017 20:02:00,4552986,0xca3db2bd545026449a9fe6a20b57255dcafe7ea6b70ccf400e194eb4a8d51db8
0x05cef0da7bc1d272d29c77c95695eb4aa9dc5133,‚Ç¨¬¥,Eurum,0,4,1/26/2017 10:37:43,3066646,0x6c96796b57cd74c0c9d9e30cb9e40942ee523ad5c4d8ece47dcdc2060d8ce91f
0x70166faed330d2dbcab58fbe21cc5ca08e606aa5,,Chancellor On the Brink of Second Bailout for Banks,0,5,7/24/2018 17:38:37,6022877,0xbf40580afe65863ccc26b63e9960b2bd6a0873819f1631842fd46babca1753c9
0xd175fc8472f2a7e0c35d11f1db412e4e8c0fff31,,C.H.E.M.I.C.A.L.S,0,5,5/3/2019 14:38:23,7688629,0x4451d104ab0a38b9c7a295a9c3a1fef45bb52e18a4ddb28e56bcf4c0b736c2d2
0x444cd7bf8f13c3413ec5f582d2a3c037b22ffe4d,,Cosmos I,0,5,7/30/2019 23:24:04,8254926,0x0cfa1bee034861bac8d7a572344179bdfb0b35faa6b942262cb9dfb3e1fe282b
0xe9e229aa699b7c82f6ca1cc250533a83bba98a19,FAUCET,Aragon Faucet,0,6,3/24/2020 15:48:41,9735037,0x75193c200971d61477f669c5df3bb26e6de688db49ad0cd9b86b40e318269382
0xa8b3f21745e50be313c0b7566af77bdd413244c9,MZKZO,MiezeKatze Trophy Oxygen,0,8,1/17/2019 20:29:30,7083408,0x356e69b54c0788a76c614365698b0f38e7ec5a556f49693ed228fc18f848cd06
0x85a3e4871e4f9f900e5b2feeb93fb8352426cb6b,,,0,9,11/30/2017 22:34:13,4652560,0xb771c753c9e24c1f030fe899d7a15c2ac172da5407de063008f74415d3522e77
0xd130d2d4cb5cdffcf971ef409d955ac790ff82f6,,Cholo Punk,0,10,12/7/2018 20:51:28,6844682,0xc8d651ffd8d80dcc3612e0d31185cad809b308146ce28527697309bf780e7342
0x7cd52a4f302348e7cc59d5408d1d7edaf41ec5e2,TP,TEST PEPE,0,10,4/15/2017 10:24:34,3539282,0x28d55c8493ad7792ac36a7b0097cf267159d175d2505c79fc43e72e18734cfe4
0xae3da529b3fe32bd040d5dea30b520ab6ff0cb23,BCN,BLAKE COIN,0,10,1/12/2018 19:48:33,4897712,0x179f7ff74d67765598a72840d9499ab8815f14f1c90b1eea2195533251d59dcb
0x5d1e43c1b9f2d745467eb1fd94553063efb49d69,NEP_SBXXXVIII,Commemorative coin NEW ENGLAND PATRIOTS Super Bowl XXXVIII,0,10,10/11/2020 12:40:11,11034269,0x36369203b851d3758f5e4b927c39c0093ca7bb3e04cf4db2193b354005ba63ae
0xe089f3ff08501dc5f73179dd6f6bc251f70336b5,XCAT,Aww Xmas Cat,0,10,1/2/2018 23:31:48,4844254,0x1eb566285e8604d9476f210d8bb8b408018ee2f3489b8056955c6d0efac6cd0d
0x5174d17d86ef87b6bd80615cc6750605e021babe,,Perspective,0,10,8/5/2019 1:56:19,8287789,0x6f106414bdb2b47180d01d85dbabaed1eb3449cfc01eaa51b447263a87d650dc
0x65d320603369eee19937fb9376859c19961f762d,,Diamond,0,10,5/22/2019 15:40:54,7810487,0x79ed984b7f449402a77bb7f0ebfb3ab05778b7d8f1c6131ee7b823eaf05d195c
0x8c1581af9c9789758e291ccfab8a06fd7623db28,READ_GOCCGTTM,READ Token Captain Crypto Goes to The Moon,0,11,3/12/2018 13:31:41,5242281,0x7b3f33f38e60f3b88015387c5b18725839a679bc7bf071e1c070e7a0acb7fc1f
0xd77bfc5f9b3aa5a63bd304a01259ce418a944997,,Emergence,0,11,9/21/2018 20:50:38,6374610,0xadc5661be98b96f99f11a37b22aa0a60b07328b9a5ecf0c08df4fe810c9e108f
0x062ac94643786fafdad26d25495665d181c81e8e,,Hello Instagram,0,20,5/9/2018 20:56:10,5585589,0x3cfdfa3131966f2e4dd1ae3331599b6b6c7b784b82636850eab9b5b4a6b837fb
0xe3a0d70a91e98fe3e0b55c82bfe27a4f4d0303c4,,Wet Paint no.16,0,20,9/9/2019 19:52:10,8517676,0x3da1a5219048cd33256c1f28823e3fe89856582cc92707a3008bf31bac88bf1f
0x104e5cbcf4664041e24312eff4232178f50b86da,The,The Cardinal's Finger,0,20,11/17/2018 6:37:27,6719765,0x0089df16792b112a16c8fb5410b96dc669dc25982bdef1127826b17abde83203
0x6172d132a93357cc83b3a272008e7906caeded9d,,Underground Energy,0,20,5/8/2018 17:41:59,5579105,0xcdf77d7176b8cfafe87b5fc63175396c3a0d4fc58a2d0fb4c21d1c99d7a9e4bc
0x995e66471dd344dd1e15245caa1578dea99b2cef,,Vitalik Buterin,0,25,9/25/2018 19:14:13,6398583,0x539a4eed592af7ffe590ead0c2974795d37b5ccd4f57db257b65584401641307
0x86a72c8b50c90c9c6c8f3ce4f0d9494cdfd1540e,DMPA,Prince,0,35,7/21/2018 14:25:05,6004381,0x7683d4a1470f3cc4f4bf7825e0b73412d095e22a3bc23ca57167c03365115e70
0x4157c6167a6fcce0ed7272df8d070572ce8aa1e7,AR14,Bulwark of Cissonius,0,35,12/7/2017 13:52:01,4691194,0x29c5ed578d20192b9448475ea2b3d6cc56588f8716f7ecec4bcffc2cea3cae5d
0x97546fef1005ad361718a5adf7b3b8bd08108914,ICP0010,Savona - Phase 1,0,45,2/23/2018 19:34:12,5143704,0x484c3c0618edad28deeb5bdb3c63e0c67bb5d079b04cf05b0a12668ba0a8506c
0x1323060485e4d45bdbe60679bbc7515a659f1273,ART,Lumber Schooners on Penobscot Bay,0,50,10/24/2017 21:51:23,4423122,0x115f48a1f848ff1779eb5a8fef88cfe7f77cb5c5ccab8284410d79ca65cd78a6
0x4cb6d378f31f8e802a49092a1f2db97c2662f4b4,QEM,QEM,0,50,2/8/2018 21:17:58,5055152,0x81e60707e3e883a018d4d709c003b33b091b3eff665f816ea1f6d8b3a2dde345
0x7ae147d2473fe36f548173b6b04e608fa1943c7f,KHSB,Stars,0,60,6/11/2018 0:33:34,5767430,0xb5df8f2e136747651fe0f9e7e7905478c6590ce20af7a9b438714526f66a824f
0x54ad662dbf6627582dfddc6a3d2ff60770e3c371,KHGSS,GreySilkScarf,0,60,6/11/2018 1:31:00,5767650,0x8abdaca53300e8c0e5d1f64f3ad5d9e06b8c016f80cccb0532b68ad524c3c393
0x278ff97e705007aa136ada2593351d65748b35c3,TST,Testium,0,100,9/27/2017 18:55:39,4316927,0xa0620077008f29d0601ec200999164563206adaf67728dc7151a7036dbeb638f
0x919ef2a7c3fcdab241380e26836bb61321476fee,EASTER19,Easter 2019,0,100,4/18/2019 1:07:13,7588691,0x75adef75e211e2b2eaf69104ec3ed845f9dd216339633a1edd4c9cc9f8ec7980
0x1a85ea9f1cc8e2948c6082236ef71be94a0b6b5a,,Magna Gati,0,100,5/11/2018 1:53:14,5592476,0x657c262cde27cfca99b8a4b0bda31fb2f683019d7a17e0f6dd47c0b7d4feeb9a
0x0753c1888e565a22f34b281570443a78318b6973,NWB,It is a nice wather in Basel,0,100,4/3/2017 11:21:03,3469051,0xc3edb0028b06de36a103356a9428ad609158a09a879f2192543c630bd850b74a
0xfef479293891e7b4c06b3d52cee51f739e6f93ad,SS234,SS234,0,100,3/27/2020 7:29:04,9752121,0x7634bb070d1aea5961b290331bed8da9b62e41be6c4a01fb2ae9602a867ac61d
0xbf5cd24c6f386592cb40016cadb2ca6eefc39ca2,string,string,0,100,6/11/2019 23:24:45,7940457,0x83f53f66da3e471ba3f9f534b43c8daf10ef2301744b7a68fa409e899281539f
0xeecc0ca33725d6cd33a0b360757c3dec56f8e732,AnnA,AnnA Hotel,0,100,6/24/2019 22:01:22,8023285,0x42e6220477a7b3347f2b5cc3a7a5302097d35b7e9e23168b63c1588623be777e
0xfba1d3bb1f711f6b02eaa521c369ea6625ac5c90,,,0,100,9/22/2017 6:46:16,4300944,0xde7d66897708599c7f138dabc817186b8e30136039e8aafe4c41cf53f74081df
0xc949ffeedc84f5527ad3945d5592c84ae732fd44,TEA21191,Èõ≤ÊôÆÁôºÊôÆÊ¥±ÁîüËå∂21191,0,100,10/7/2021 4:38:31,13369742,0x555d423494b9bb51c9f0554aa3c5cac834f4880d4b68dcc029b6bf7a0280c700
0xc92c263fbf9972be3f7dd3db2572148c38fcb3c6,ST,Security2980-Test,0,100,10/6/2020 9:27:59,11001408,0x86a140153916661a49fa6a3831c66fa212307a36d0e4cb7583709f9f70313387
0x66283be26a2cee997eb1dbd1d3b5f679c9343298,üì¶,gadgets,0,100,10/11/2016 0:35:21,2417582,0x3049a1631bd4a618ee796fca90226271e69009dc98b1efc9e9752432b0debf27
0xae4a2aa75bc1359e0b885244a79693332ecaaf7a,IMT,Immortal,0,100,8/2/2017 18:18:44,4108840,0xce8ccb9a0b90c82344409a697c98e181b6bd36dd6b4021c32a29777be82855d1
0x283f2a3f00584c6627b19eadb60b9524f0591265,SS221,SS221,0,150,3/6/2020 7:05:41,9616210,0xcb54649720d47279c840ac78cab9f775f48f48a30953eb8b1734cc1c0cd27b49
0xd6671da39c0d53b4431dc40ac41d56015ba3572b,BMT,Burning Money Token,0,161,8/26/2017 6:21:47,4204935,0x07c9e804a04d54af48831f8871330ff0a9a5608b56147a3f9bed8f7dfd06d6de
0x76aba2986840d75527972c90ea1356f361ceea17,SS46,SS46,0,200,9/5/2019 3:31:25,8487668,0x30e51c157036494c17ea0c4f9f0910fb72a0433a02e858d1e88424c204b0a285
0x5b25722f4557421fce40f60a477ecad38197864e,KECO,King of Eth Resource: Corn,0,200,10/8/2018 0:40:36,6473517,0x1e54e5794a7abf754676c26cda11fbb83020b721279e4a5c066221a95e4b83e0
0x9b0a49a76cd5f6e9994883cc19607e2588ed36e3,SS178,SS178,0,220,12/17/2019 6:08:26,9119257,0x99908a588961ee418c3b625aaf3f3514f502324eff84e1c9e34f8eae2a24a8ef
0x09dcd0a07143eecf1044febdb99b5d35a2ce717a,ELY,Ely,0,500,1/5/2018 11:41:58,4857961,0xf7ae89056e66a0eafba0e8664061f13d9905fd8bd8867143ede26a8379fec68c
0xa84de837c45931f295f197595bbb1e93651befac,SS238,SS238,0,500,3/31/2020 4:03:47,9777265,0xa65e9594953bd441a9db9ecbc143452d33bef91d427e41fa3009b1727e6a6665
0x989a248b74588368ba4b94ff8fd2e61fb0b8ab22,IPA,Whale Water,0,501,3/8/2018 1:57:55,5215888,0xd7ca24a4605f2ddd34aa450a569a2a00e7b310166cca7aa6252577a06ac23f47
0x1a1e21d5c282de9c9f76aa87e1d482d713b9ed32,CC092818,Controlled Chaos Event 920818,0,505,9/28/2018 22:20:18,6417594,0x455649c973f43ed1dbde5a7099aa607d4634545d69767fb7229a6dcb2f031540
0x63840797da38b446e28c8d911fa685d4d653fd63,PKG1,Parking Number 1,0,600,1/20/2021 2:38:01,11689619,0x9e82c7572c1de4e04add031bbb5cfe0fdc8154c9087d670510bed2069e1392d3
0x8737a4d1795559706a384759e15fefc4f08389d8,WTF,WTF Token 666,0,666,11/14/2018 6:36:54,6701440,0xe0e0a2368392c4c534b1c708a42efa609ffda537a35d0e217bbc7d301cc28aa2
0x0659ecb60e66b9d1aef1d509b2f28e3bb106e867,OTTI,OTTI Token,0,1000,12/31/2018 5:20:17,6984060,0xdc28f6c0082168988c9266be54e0d714fa8486f448ca317767fff9d6d4cde468
0x8505c68c5f74a3eec226d54d4aebb18df0d3d871,SS314,SS314,0,1000,5/28/2020 15:10:54,10154961,0x9ed48de454707defc8ad41277860acd3a8cfcca46bb734ee1d098766a10a9803
0x1decbb153a13ccf9fb3821f841ee3d101d8d1d11,CEO,Entrepreneur,0,1000,2/15/2018 13:57:53,5094998,0x1efc6b4600ac9c96f38cce082c12c9880041a0351120927c688b871a2ca352c4
0xaaffbfe3aee118332c5b6297edb6373d5b1942b0,WS2016-01,MLB 2016 World Series Jersey,0,1000,11/8/2017 2:17:28,4511001,0x46068b92994d97e970f459f233fb96e37104ffaf3546b0f67ad4ac9aaecffb59
0xac740ff5f0ed950f63c86ee32ad87c0e54b50488,KHBS,BlackBalletSlippers,0,1000,1/11/2018 23:09:25,4893067,0x154b4dc85b53e671c268db4b6c44bab3f1944b65b1fe5cce23643d91d6885019
0xbca7697171486e1ad86ecbdd064a3ab6317b06d0,JKPL,Jokoplay,0,1000,11/2/2018 2:51:56,6627236,0x610bac1e6e533d8f7422527b58e71f01586ab7fdcf63bffe077360cc1d0fe03f
0x0badb8d96dbb96523bd8940979e3eaafbf15065a,TT,Token3,0,1000,8/17/2017 3:07:32,4167527,0x0889b08909e3570afc33183b49877041b6fcf71675b8cc815f0461d09068271f
0x3c163a5611bbd3d3d6fc19375fed46b00e612019,SYM,NAME OF YOUR TOKEN HERE,0,1111,6/15/2018 18:39:00,5794655,0x6b8f699a7e2a29ac90f733a5411a83e76ef26ce1ca3b8840c7d42fb438150dad
0xb52a72a4e853c40dd563a2abbcf0d435e8f20d8b,KXBD,KuXiaoBuDe,0,1314,6/19/2019 6:59:11,7987264,0xec6f9038a86f306776db87ef00e9f7a8dd6fbbb679449dc66a579ab420790eb8
0x6d53771d4683c4dd4fb638304062523e4d70c38a,Êú®Â§¥,TheToken,0,1314,2/28/2018 14:08:12,5171707,0x7406cc3f0210e8b5d3cc259a9c4b5fa16f6963905de1c6241cd3e89709d9b93f
0x9a828ee02c6b5b6db3e846244e3bc65394be7bcf,FIXED,Example Fixed Supply Token,0,1337,8/30/2019 12:09:57,8451450,0xfcd1a7fe7e21ca578847391fccdc229165e0e213a9a843857acec5f6e59b77ff
0x6e531f7dd646a1290f2e31f42d68810a2a244c07,VR,VR Tokens,0,1920,2/22/2017 17:00:33,3231211,0xc090bc5234d3401e5512b364dbbbdd83de151f47e3053f976e3c95a82fa616bd
0x6081825936135035de871e3c17f1bdcbd54fd0bf,Shhh,Spice_Ninja,0,2000,3/8/2018 1:24:08,5215751,0x66cc2666554be45df3f87d144efe7fe3371a7bf0e29559cb1ca331c995efc276
0x33bf40d1c95bd3233cd8c6685503966b41df277a,ytrd,testy,0,2500,1/5/2018 20:26:48,4859905,0x076dc41aacccdf281ee4f96fae5ce5e6c52ca02650770de886ab6dfc9e623051
0x5e1fafd503868a7c57fc70fcacdeaeaa00901ac1,KlH,leehwacoin,0,3000,6/15/2019 3:27:14,7960761,0xd9856bcd968b3e179ab991b36d5670594bed1eb68ca813bcfe5ec7da7fb95a00